epoch,train_loss,lr,seconds
0,1.11514,0.001,29.2
1,0.55592,0.00099,28.2
2,0.38788,0.00097,28.0
3,0.32831,0.00094,28.6
4,0.32755,0.00089,28.5
5,0.29736,0.00084,28.2
6,0.26784,0.00077,28.1
7,0.25532,0.0007,28.2
8,0.23039,0.00062,28.5
9,0.22618,0.00054,28.3
10,0.22212,0.00046,28.2
11,0.19405,0.00038,35.1
12,0.192,0.0003,17.0
13,0.18534,0.00023,15.9
14,0.18787,0.00016,15.8
15,0.18401,0.00011,15.9
16,0.17331,6e-05,16.0
17,0.17501,3e-05,15.9
18,0.15932,1e-05,15.8
19,0.15448,0.0,15.9
