run,split,variant,seed,parameters,pixel_rmse,pixel_r2,field_rmse,field_r2,field_balanced_rmse,macro_country_pixel_rmse,stress_pixel_rmse,stress_field_rmse,best_epoch,samples_per_second,peak_gpu_gb
pooled_block20_s0_concat_mlp_seed0,pooled_block20_s0,concat_mlp,0,893761,1.5073,0.6358,0.9692,0.7906,1.3415,1.5298,1.6489,1.05,17,8381.1,0.39
pooled_block20_s0_concat_mlp_seed1,pooled_block20_s0,concat_mlp,1,893761,1.4885,0.6448,0.9872,0.7828,1.3406,1.5081,1.6859,1.0714,6,9295.6,0.39
pooled_block20_s0_concat_mlp_seed2,pooled_block20_s0,concat_mlp,2,893761,1.5477,0.616,0.9809,0.7855,1.3503,1.5936,1.6769,1.0369,11,9165.8,0.39
pooled_block20_s0_perceiver_summary_seed0,pooled_block20_s0,perceiver_summary,0,1127937,1.4517,0.6621,0.9118,0.8147,1.3281,1.5147,1.6188,0.9666,9,8007.5,0.39
pooled_block20_s0_perceiver_summary_seed1,pooled_block20_s0,perceiver_summary,1,1127937,1.5245,0.6274,0.9728,0.789,1.3525,1.5664,1.6796,1.0336,6,7763.5,0.39
pooled_block20_s0_perceiver_summary_seed2,pooled_block20_s0,perceiver_summary,2,1127937,1.5005,0.639,0.9768,0.7873,1.3399,1.5429,1.6462,1.0303,7,8616.6,0.39
pooled_block20_s0_perceiver_tokens_seed0,pooled_block20_s0,perceiver_tokens_L16,0,1204769,1.5376,0.621,1.019,0.7685,1.3767,1.5912,1.6997,1.0611,11,7771.7,0.62
pooled_block20_s0_perceiver_tokens_seed1,pooled_block20_s0,perceiver_tokens_L16,1,1204769,1.5406,0.6195,1.0871,0.7366,1.3886,1.6387,1.6765,1.0822,6,7546.1,0.62
pooled_block20_s0_perceiver_tokens_seed2,pooled_block20_s0,perceiver_tokens_L16,2,1204769,1.4957,0.6413,1.0065,0.7741,1.3659,1.5858,1.6166,1.0453,3,8321.1,0.62
pooled_block20_s0_token_transformer_seed0,pooled_block20_s0,token_transformer,0,1060161,1.5234,0.6279,0.9662,0.7919,1.3516,1.5274,1.7098,1.0424,8,8134.7,0.39
pooled_block20_s0_token_transformer_seed1,pooled_block20_s0,token_transformer,1,1060161,1.5071,0.6358,0.922,0.8105,1.3253,1.4904,1.6615,1.0005,16,9155.9,0.39
pooled_block20_s0_token_transformer_seed2,pooled_block20_s0,token_transformer,2,1060161,1.5466,0.6165,0.9967,0.7786,1.3479,1.5602,1.6628,1.0044,10,8943.2,0.39
pooled_farm_s0_concat_mlp_seed0,pooled_farm_s0,concat_mlp,0,893761,1.6572,0.6568,1.1021,0.7872,1.5074,1.6554,1.8222,1.1286,8,11660.2,0.38
pooled_farm_s0_concat_mlp_seed1,pooled_farm_s0,concat_mlp,1,893761,1.6781,0.6481,1.1018,0.7873,1.514,1.7521,1.8421,1.1547,0,11242.9,0.38
pooled_farm_s0_concat_mlp_seed2,pooled_farm_s0,concat_mlp,2,893761,1.7442,0.6198,1.1945,0.75,1.5496,1.8102,1.9581,1.2755,1,10082.7,0.38
pooled_farm_s0_perceiver_summary_seed0,pooled_farm_s0,perceiver_summary,0,1127937,1.6218,0.6713,1.0138,0.8199,1.4817,1.6302,1.8297,1.1403,0,11145.0,0.39
pooled_farm_s0_perceiver_summary_seed1,pooled_farm_s0,perceiver_summary,1,1127937,1.6309,0.6676,1.0537,0.8054,1.4806,1.6524,1.8555,1.1431,3,9211.9,0.39
pooled_farm_s0_perceiver_summary_seed2,pooled_farm_s0,perceiver_summary,2,1127937,1.6771,0.6485,1.1384,0.7729,1.5223,1.7038,1.9198,1.2173,3,10320.5,0.39
pooled_farm_s0_perceiver_tokens_L32_seed0,pooled_farm_s0,perceiver_tokens_L32,0,1206817,1.7111,0.6342,1.1213,0.7797,1.5214,1.6831,1.9507,1.2742,0,9126.6,0.86
pooled_farm_s0_perceiver_tokens_L8_seed0,pooled_farm_s0,perceiver_tokens_L8,0,1203745,1.6976,0.6399,1.1324,0.7753,1.5475,1.711,1.8951,1.2594,0,9658.6,0.57
pooled_farm_s0_perceiver_tokens_seed0,pooled_farm_s0,perceiver_tokens_L16,0,1204769,1.619,0.6725,1.0056,0.8228,1.4632,1.5885,1.9184,1.198,5,11106.3,0.64
pooled_farm_s0_perceiver_tokens_seed1,pooled_farm_s0,perceiver_tokens_L16,1,1204769,1.6829,0.6461,1.1075,0.7851,1.5029,1.6628,1.9036,1.1891,3,8654.5,0.64
pooled_farm_s0_perceiver_tokens_seed2,pooled_farm_s0,perceiver_tokens_L16,2,1204769,1.6932,0.6418,1.0892,0.7921,1.5047,1.658,1.9083,1.153,3,9060.3,0.64
pooled_farm_s0_token_transformer_seed0,pooled_farm_s0,token_transformer,0,1060161,1.6104,0.6759,1.0103,0.8211,1.4647,1.6196,1.8343,1.1286,5,9427.4,0.38
pooled_farm_s0_token_transformer_seed1,pooled_farm_s0,token_transformer,1,1060161,1.6485,0.6604,1.0623,0.8023,1.4659,1.6449,1.875,1.1663,6,10891.3,0.38
pooled_farm_s0_token_transformer_seed2,pooled_farm_s0,token_transformer,2,1060161,1.7451,0.6194,1.1605,0.764,1.5345,1.6766,2.0301,1.3247,5,9821.6,0.38
