split,variant,seeds,parameters,pixel_rmse_mean,pixel_rmse_std,pixel_r2_mean,pixel_r2_std,field_rmse_mean,field_rmse_std,field_r2_mean,field_r2_std,field_balanced_rmse_mean,field_balanced_rmse_std,macro_country_pixel_rmse_mean,macro_country_pixel_rmse_std,stress_pixel_rmse_mean,stress_pixel_rmse_std,stress_field_rmse_mean,stress_field_rmse_std,samples_per_second
pooled_block20_s0,concat_mlp,3,893761,1.5145,0.0247,0.6322,0.012,0.9791,0.0074,0.7863,0.0032,1.3441,0.0044,1.5438,0.0363,1.6706,0.0158,1.0528,0.0142,8947.5
pooled_block20_s0,perceiver_summary,3,1127937,1.4922,0.0303,0.6428,0.0144,0.9538,0.0298,0.797,0.0125,1.3402,0.01,1.5414,0.0211,1.6482,0.0249,1.0102,0.0308,8129.2
pooled_block20_s0,perceiver_tokens_L16,3,1204769,1.5246,0.0205,0.6273,0.01,1.0375,0.0354,0.7597,0.0166,1.3771,0.0092,1.6052,0.0238,1.6642,0.035,1.0629,0.0151,7879.6
pooled_block20_s0,token_transformer,3,1060161,1.5257,0.0162,0.6267,0.0079,0.9616,0.0306,0.7936,0.0131,1.3416,0.0116,1.526,0.0285,1.678,0.0225,1.0158,0.0189,8744.6
pooled_farm_s0,concat_mlp,3,893761,1.6932,0.0371,0.6416,0.0158,1.1328,0.0436,0.7748,0.0176,1.5237,0.0185,1.7392,0.0638,1.8741,0.0599,1.1863,0.064,10995.3
pooled_farm_s0,perceiver_summary,3,1127937,1.6433,0.0242,0.6625,0.01,1.0687,0.0519,0.7994,0.0196,1.4949,0.0194,1.6622,0.0308,1.8683,0.0379,1.1669,0.0357,10225.8
pooled_farm_s0,perceiver_tokens_L16,3,1204769,1.665,0.0328,0.6535,0.0136,1.0674,0.0444,0.8,0.0164,1.4903,0.0191,1.6364,0.0339,1.9101,0.0062,1.1801,0.0195,9607.0
pooled_farm_s0,perceiver_tokens_L32,1,1206817,1.7111,0.0,0.6342,0.0,1.1213,0.0,0.7797,0.0,1.5214,0.0,1.6831,0.0,1.9507,0.0,1.2742,0.0,9126.6
pooled_farm_s0,perceiver_tokens_L8,1,1203745,1.6976,0.0,0.6399,0.0,1.1324,0.0,0.7753,0.0,1.5475,0.0,1.711,0.0,1.8951,0.0,1.2594,0.0,9658.6
pooled_farm_s0,token_transformer,3,1060161,1.668,0.0567,0.6519,0.0238,1.0777,0.0623,0.7958,0.0238,1.4884,0.0326,1.647,0.0233,1.9131,0.0844,1.2065,0.0849,10046.8
