epoch,train_loss,lr,seconds,val_pixel_rmse,val_pixel_r2,val_field_rmse
0,0.45063,0.001,22.4,1.81474,0.6688,1.36914
1,0.29672,0.00099,21.5,1.81827,0.66751,1.371
2,0.26449,0.00097,21.4,1.63958,0.72965,1.14663
3,0.25433,0.00094,21.1,1.79775,0.67497,1.34862
4,0.24579,0.00089,20.9,1.63888,0.72988,1.14234
5,0.24019,0.00084,20.9,1.71333,0.70478,1.24278
6,0.23702,0.00077,21.3,1.61223,0.73859,1.09841
7,0.22933,0.0007,21.1,1.65858,0.72335,1.17527
8,0.22745,0.00062,16.7,1.72367,0.7012,1.25659
9,0.21994,0.00054,14.3,1.63965,0.72963,1.15172
10,0.21681,0.00046,14.9,1.73901,0.69586,1.27957
11,0.21277,0.00038,14.5,1.71319,0.70483,1.24674
12,0.21144,0.0003,14.8,1.63079,0.73254,1.14075
13,0.2036,0.00023,14.7,1.63923,0.72976,1.14835
14,0.20257,0.00016,14.8,1.64691,0.72722,1.15965
15,0.19717,0.00011,14.5,1.65695,0.72389,1.17277
16,0.19595,6e-05,14.9,1.66365,0.72165,1.18213
17,0.19434,3e-05,14.7,1.67515,0.71779,1.19446
18,0.19383,1e-05,14.5,1.66835,0.72008,1.18481
19,0.19367,0.0,14.2,1.66677,0.72061,1.18233
