protocol,level,pair,entry,note,modalities,r2_mean,r2_std,rmse_mean,rmse_std,folds,like_for_like,sources_agree,pooled_r2
CV10,field,ARG-C,paper: LSTM (S2),,S2,0.79,0.11,1.29,0.24,,True,True,
CV10,field,ARG-C,paper best (S2),3D-ConvLSTM,S2,0.84,0.07,1.13,0.22,,True,True,
CV10,field,ARG-C,paper best (S2+ADM),"AFF, feature",S2+ADM,0.84,0.05,1.12,0.18,,True,True,
CV10,field,ARG-S,paper: LSTM (S2),,S2,0.72,0.12,0.64,0.14,,True,True,
CV10,field,ARG-S,paper best (S2),3D-ConvLSTM,S2,0.79,0.12,0.55,0.16,,True,True,
CV10,field,ARG-S,paper best (S2+ADM),"AFF, feature",S2+ADM,0.84,0.09,0.49,0.14,,True,True,
CV10,field,ARG-W,paper: LSTM (S2),,S2,0.85,0.1,0.84,0.21,,True,True,
CV10,field,ARG-W,paper best (S2),3D-ConvLSTM,S2,0.92,0.08,0.62,0.24,,True,True,
CV10,field,ARG-W,paper best (S2+ADM),"AFF, feature",S2+ADM,0.92,0.08,0.6,0.22,,True,True,
CV10,field,BRA-C,paper: LSTM (S2),,S2,0.75,0.2,0.88,0.22,,True,True,
CV10,field,BRA-C,paper best (S2),3D-ConvLSTM,S2,0.82,0.09,0.74,0.12,,True,True,
CV10,field,BRA-C,paper best (S2+ADM),"AFF, feature",S2+ADM,0.84,0.04,0.7,0.15,,True,True,
CV10,field,BRA-S,paper: LSTM (S2),,S2,0.68,0.12,0.39,0.05,,True,True,
CV10,field,BRA-S,paper best (S2),3D-ConvLSTM,S2,0.76,0.09,0.34,0.05,,True,True,
CV10,field,BRA-S,paper best (S2+ADM),"AFF, feature",S2+ADM,0.8,0.08,0.31,0.07,,True,True,
CV10,field,BRA-W,paper: LSTM (S2),,S2,0.62,0.16,0.49,0.18,,True,True,
CV10,field,BRA-W,paper best (S2),3D-ConvLSTM,S2,0.73,0.09,0.42,0.16,,True,True,
CV10,field,BRA-W,paper best (S2+ADM),"3D-ConvLSTM, input",S2+ADM,0.72,0.1,0.42,0.17,,True,True,
CV10,field,GER-R,paper: LSTM (S2),,S2,0.62,0.25,0.83,0.26,,True,True,
CV10,field,GER-R,paper best (S2),3D-LSTM,S2,0.82,0.09,0.57,0.14,,True,True,
CV10,field,GER-R,paper best (S2+ADM),"3D-LSTM, input",S2+ADM,0.81,0.07,0.59,0.12,,True,True,
CV10,field,GER-R,re-run: paper_lstm,,S2,0.636,0.158,0.753,0.16,10,True,,0.669
CV10,field,GER-R,re-run: paper_lstm_raw,,S2,0.434,0.222,0.948,0.241,10,True,,0.472
CV10,field,GER-R,re-run: paper_lstm_train,,S2,0.525,0.228,0.858,0.238,10,True,,0.565
CV10,field,GER-R,re-run: paper_lstm_train_e50,,S2,0.528,0.23,0.854,0.245,10,True,,0.567
CV10,field,GER-W,paper: LSTM (S2),,S2,0.55,0.41,2.6,1.28,,True,False,
CV10,field,GER-W,paper best (S2),3D-ConvLSTM,S2,0.65,0.16,1.12,0.34,,True,True,
CV10,field,GER-W,paper best (S2+ADM),"MMGF, feature",S2+ADM,0.77,0.16,0.9,0.21,,True,True,
CV10,field,URG-S,paper: LSTM (S2),,S2,0.66,0.11,0.62,0.12,,True,True,
CV10,field,URG-S,paper best (S2),3D-ConvLSTM,S2,0.77,0.06,0.51,0.1,,True,True,
CV10,field,URG-S,paper best (S2+ADM),"AFF, feature",S2+ADM,0.81,0.09,0.46,0.11,,True,False,
CV10,pixel,ARG-C,paper: LSTM (S2),,S2,0.59,0.07,2.4,0.26,,True,True,
CV10,pixel,ARG-C,paper best (S2),3D-ConvLSTM,S2,0.65,0.11,2.2,0.27,,True,True,
CV10,pixel,ARG-C,paper best (S2+ADM),"AFF, feature",S2+ADM,0.7,0.06,2.03,0.27,,True,True,
CV10,pixel,ARG-S,paper: LSTM (S2),,S2,0.6,0.08,0.96,0.1,,True,True,
CV10,pixel,ARG-S,paper best (S2),3D-ConvLSTM,S2,0.65,0.06,0.9,0.11,,True,True,
CV10,pixel,ARG-S,paper best (S2+ADM),"AFF, feature",S2+ADM,0.73,0.06,0.79,0.1,,True,True,
CV10,pixel,ARG-W,paper: LSTM (S2),,S2,0.74,0.12,1.21,0.19,,True,True,
CV10,pixel,ARG-W,paper best (S2),3D-ConvLSTM,S2,0.79,0.1,1.1,0.18,,True,True,
CV10,pixel,ARG-W,paper best (S2+ADM),"AFF, feature",S2+ADM,0.84,0.09,0.96,0.17,,True,True,
CV10,pixel,BRA-C,paper: LSTM (S2),,S2,0.42,0.13,2.2,0.35,,True,True,
CV10,pixel,BRA-C,paper best (S2),3D-LSTM,S2,0.46,0.14,2.13,0.37,,True,True,
CV10,pixel,BRA-C,paper best (S2+ADM),"AFF, feature",S2+ADM,0.46,0.11,2.12,0.33,,True,True,
CV10,pixel,BRA-S,paper: LSTM (S2),,S2,0.34,0.09,0.98,0.06,,True,True,
CV10,pixel,BRA-S,paper best (S2),3D-ConvLSTM,S2,0.39,0.07,0.94,0.06,,True,True,
CV10,pixel,BRA-S,paper best (S2+ADM),"AFF, feature",S2+ADM,0.44,0.08,0.9,0.07,,True,True,
CV10,pixel,BRA-W,paper: LSTM (S2),,S2,0.22,0.06,1.39,0.17,,True,True,
CV10,pixel,BRA-W,paper best (S2),3D-LSTM,S2,0.24,0.05,1.37,0.19,,True,True,
CV10,pixel,BRA-W,paper best (S2+ADM),"AFF, feature",S2+ADM,0.24,0.06,1.37,0.18,,True,True,
CV10,pixel,GER-R,paper: LSTM (S2),,S2,0.36,0.14,1.33,0.23,,True,True,
CV10,pixel,GER-R,paper best (S2),3D-ConvLSTM,S2,0.49,0.1,1.2,0.22,,True,True,
CV10,pixel,GER-R,paper best (S2+ADM),"AFF, feature",S2+ADM,0.49,0.09,1.2,0.22,,True,True,
CV10,pixel,GER-R,re-run: paper_lstm,,S2,0.329,0.107,1.338,0.162,10,True,,0.35
CV10,pixel,GER-R,re-run: paper_lstm_raw,,S2,0.227,0.126,1.435,0.174,10,True,,0.251
CV10,pixel,GER-R,re-run: paper_lstm_train,,S2,0.276,0.145,1.388,0.186,10,True,,0.298
CV10,pixel,GER-R,re-run: paper_lstm_train_e50,,S2,0.268,0.153,1.394,0.192,10,True,,0.29
CV10,pixel,GER-W,paper: LSTM (S2),,S2,-0.32,0.64,3.38,1.04,,True,True,
CV10,pixel,GER-W,paper best (S2),3D-ConvLSTM,S2,0.34,0.09,2.4,0.34,,True,True,
CV10,pixel,GER-W,paper best (S2+ADM),"AFF, feature",S2+ADM,0.44,0.16,2.2,0.44,,True,True,
CV10,pixel,URG-S,paper: LSTM (S2),,S2,0.37,0.07,1.26,0.12,,True,True,
CV10,pixel,URG-S,paper best (S2),3D-ConvLSTM,S2,0.41,0.06,1.22,0.12,,True,True,
CV10,pixel,URG-S,paper best (S2+ADM),"AFF, feature",S2+ADM,0.43,0.07,1.19,1.1,,True,True,
LORO,field,ARG-C,paper: LSTM (S2),,S2,0.47,1.36,2.05,0.75,,True,True,
LORO,field,ARG-C,paper best (S2),3D-ConvLSTM,S2,0.68,1.89,1.59,0.48,,True,True,
LORO,field,ARG-C,paper best (S2+ADM),"3D-ConvLSTM, input",S2+ADM,0.68,1.89,1.59,0.48,,True,False,
LORO,field,ARG-S,paper: LSTM (S2),,S2,0.64,0.15,0.72,0.15,,True,True,
LORO,field,ARG-S,paper best (S2),3D-LSTM,S2,0.7,0.13,0.67,0.14,,True,True,
LORO,field,ARG-S,paper best (S2+ADM),"AFF, feature",S2+ADM,0.78,0.07,0.57,0.1,,True,True,
LORO,field,ARG-W,paper: LSTM (S2),,S2,0.7,0.38,1.18,0.26,,True,True,
LORO,field,ARG-W,paper best (S2),3D-LSTM,S2,0.81,0.21,0.92,0.16,,True,True,
LORO,field,ARG-W,paper best (S2+ADM),"AFF, feature",S2+ADM,0.87,0.08,0.78,0.13,,True,True,
LORO,field,BRA-C,paper: LSTM (S2),,S2,0.39,1.8,1.39,0.37,,True,True,
LORO,field,BRA-C,paper best (S2),3D-LSTM,S2,0.59,1.15,1.13,0.49,,True,True,
LORO,field,BRA-C,paper best (S2+ADM),"3D-LSTM, input",S2+ADM,0.65,0.41,1.05,0.37,,True,True,
LORO,field,BRA-S,paper: LSTM (S2),,S2,0.28,2.07,0.59,0.21,,True,True,
LORO,field,BRA-S,paper best (S2),3D-LSTM,S2,0.41,1.89,0.53,0.15,,True,True,
LORO,field,BRA-S,paper best (S2+ADM),"AFF, feature",S2+ADM,0.63,1.71,0.42,0.18,,True,True,
LORO,field,BRA-W,paper: LSTM (S2),,S2,0.27,0.19,0.68,0.23,,True,True,
LORO,field,BRA-W,paper best (S2),3D-LSTM,S2,0.48,0.27,0.57,0.23,,True,True,
LORO,field,BRA-W,paper best (S2+ADM),"AFF, feature",S2+ADM,0.52,0.15,0.55,0.2,,True,True,
LORO,field,GER-R,paper: LSTM (S2),,S2,-0.16,0.65,1.45,0.49,,True,True,
LORO,field,GER-R,paper best (S2),3D-LSTM,S2,0.26,0.3,1.16,0.36,,True,True,
LORO,field,GER-R,paper best (S2+ADM),"3D-ConvLSTM, input",S2+ADM,0.25,0.53,1.16,0.31,,True,False,
LORO,field,GER-W,paper: LSTM (S2),,S2,-2.71,3.03,3.66,1.26,,True,True,
LORO,field,GER-W,paper best (S2),3D-ConvLSTM,S2,0.14,1.05,1.76,0.75,,True,True,
LORO,field,GER-W,paper best (S2+ADM),"3D-ConvLSTM, input",S2+ADM,0.14,1.05,1.76,0.75,,True,False,
LORO,field,URG-S,paper: LSTM (S2),,S2,0.63,0.43,0.65,0.31,,True,True,
LORO,field,URG-S,paper best (S2),3D-ConvLSTM,S2,0.68,0.52,0.61,0.3,,True,True,
LORO,field,URG-S,paper best (S2+ADM),"3D-ConvLSTM, input",S2+ADM,0.68,0.52,0.61,0.3,,True,False,
LORO,pixel,ARG-C,paper: LSTM (S2),,S2,0.44,0.28,2.79,0.35,,True,True,
LORO,pixel,ARG-C,paper best (S2),3D-ConvLSTM,S2,0.54,0.38,2.52,0.33,,True,True,
LORO,pixel,ARG-C,paper best (S2+ADM),"3D-ConvLSTM, input",S2+ADM,0.54,0.38,2.52,0.33,,True,False,
LORO,pixel,ARG-S,paper: LSTM (S2),,S2,0.55,0.1,1.03,0.09,,True,True,
LORO,pixel,ARG-S,paper best (S2),3D-LSTM,S2,0.59,0.1,0.98,0.1,,True,True,
LORO,pixel,ARG-S,paper best (S2+ADM),"AFF, feature",S2+ADM,0.65,0.07,0.9,0.1,,True,True,
LORO,pixel,ARG-W,paper: LSTM (S2),,S2,0.61,0.32,1.48,0.24,,True,True,
LORO,pixel,ARG-W,paper best (S2),3D-LSTM,S2,0.71,0.24,1.3,0.18,,True,True,
LORO,pixel,ARG-W,paper best (S2+ADM),"AFF, feature",S2+ADM,0.78,0.12,1.12,0.17,,True,True,
LORO,pixel,BRA-C,paper: LSTM (S2),,S2,0.27,0.06,2.46,0.44,,True,True,
LORO,pixel,BRA-C,paper best (S2),3D-LSTM,S2,0.34,0.2,2.33,0.53,,True,True,
LORO,pixel,BRA-C,paper best (S2+ADM),"3D-LSTM, input",S2+ADM,0.37,0.12,2.29,0.44,,True,True,
LORO,pixel,BRA-S,paper: LSTM (S2),,S2,0.16,0.21,1.1,0.35,,True,True,
LORO,pixel,BRA-S,paper best (S2),3D-LSTM,S2,0.22,0.16,1.06,0.34,,True,True,
LORO,pixel,BRA-S,paper best (S2+ADM),"AFF, feature",S2+ADM,0.35,0.15,0.97,0.34,,True,True,
LORO,pixel,BRA-W,paper: LSTM (S2),,S2,0.11,0.09,1.48,0.34,,True,True,
LORO,pixel,BRA-W,paper best (S2),3D-LSTM,S2,0.2,0.07,1.41,0.3,,True,True,
LORO,pixel,BRA-W,paper best (S2+ADM),"AFF, feature",S2+ADM,0.18,0.05,1.42,0.3,,True,True,
LORO,pixel,GER-R,paper: LSTM (S2),,S2,-0.05,0.33,1.71,0.54,,True,True,
LORO,pixel,GER-R,paper best (S2),3D-LSTM,S2,0.17,0.2,1.52,0.45,,True,True,
LORO,pixel,GER-R,paper best (S2+ADM),"AFF, feature",S2+ADM,0.15,0.28,1.55,0.51,,True,True,
LORO,pixel,GER-W,paper: LSTM (S2),,S2,-0.78,1.18,3.93,1.16,,True,True,
LORO,pixel,GER-W,paper best (S2),Transformer,S2,0.1,0.68,2.79,0.61,,True,True,
LORO,pixel,GER-W,paper best (S2+ADM),"3D-ConvLSTM, input",S2+ADM,0.07,0.43,2.84,0.69,,True,False,
LORO,pixel,URG-S,paper: LSTM (S2),,S2,0.34,0.17,1.28,0.3,,True,True,
LORO,pixel,URG-S,paper best (S2),3D-ConvLSTM,S2,0.36,0.19,1.26,0.29,,True,True,
LORO,pixel,URG-S,paper best (S2+ADM),"3D-ConvLSTM, input",S2+ADM,0.36,0.19,1.26,0.29,,True,False,
LOYO,field,ARG-C,paper: LSTM (S2),,S2,0.46,0.59,2.06,0.54,,True,True,
LOYO,field,ARG-C,paper best (S2),3D-ConvLSTM,S2,0.61,0.55,1.75,0.51,,True,True,
LOYO,field,ARG-C,paper best (S2+ADM),"LSTM, input",S2+ADM,0.42,0.6,2.13,0.6,,True,True,
LOYO,field,ARG-S,paper: LSTM (S2),,S2,0.5,0.22,0.85,0.25,,True,True,
LOYO,field,ARG-S,paper best (S2),3D-LSTM,S2,0.66,0.24,0.7,0.21,,True,True,
LOYO,field,ARG-S,paper best (S2+ADM),"AFF, feature",S2+ADM,0.77,0.84,0.59,0.23,,True,True,
LOYO,field,ARG-W,paper: LSTM (S2),,S2,0.77,1.7,1.02,0.3,,True,True,
LOYO,field,ARG-W,paper best (S2),3D-ConvLSTM,S2,0.78,0.88,1.0,0.4,,True,True,
LOYO,field,ARG-W,paper best (S2+ADM),"AFF, feature",S2+ADM,0.81,0.42,0.93,0.25,,True,True,
LOYO,field,BRA-C,paper: LSTM (S2),,S2,0.19,1.5,1.59,0.48,,True,True,
LOYO,field,BRA-C,paper best (S2),3D-LSTM,S2,0.36,0.66,1.42,0.42,,True,True,
LOYO,field,BRA-C,paper best (S2+ADM),"3D-ConvLSTM, input",S2+ADM,0.45,0.63,1.32,0.55,,True,True,
LOYO,field,BRA-S,paper: LSTM (S2),,S2,0.06,1.66,0.67,0.21,,True,True,
LOYO,field,BRA-S,paper best (S2),3D-ConvLSTM,S2,0.36,0.42,0.55,0.15,,True,True,
LOYO,field,BRA-S,paper best (S2+ADM),"3D-LSTM, input",S2+ADM,0.45,0.47,0.52,0.11,,True,True,
LOYO,field,BRA-W,paper: LSTM (S2),,S2,-0.05,1.61,0.82,0.4,,True,True,
LOYO,field,BRA-W,paper best (S2),LSTM,S2,-0.05,1.61,0.82,0.4,,True,True,
LOYO,field,BRA-W,paper best (S2+ADM),"AFF, feature",S2+ADM,0.14,0.51,0.74,0.43,,True,True,
LOYO,field,GER-R,paper: LSTM (S2),,S2,-0.07,0.77,1.39,0.46,,True,True,
LOYO,field,GER-R,paper best (S2),3D-ConvLSTM,S2,0.43,0.24,1.02,0.23,,True,True,
LOYO,field,GER-R,paper best (S2+ADM),"LSTM, input",S2+ADM,0.58,0.15,0.87,0.17,,True,True,
LOYO,field,GER-W,paper: LSTM (S2),,S2,-1.74,2.65,3.14,1.32,,True,True,
LOYO,field,GER-W,paper best (S2),3D-ConvLSTM,S2,0.23,0.6,1.67,0.6,,True,True,
LOYO,field,GER-W,paper best (S2+ADM),"3D-ConvLSTM, input",S2+ADM,0.46,0.29,1.39,0.35,,True,True,
LOYO,field,URG-S,paper: LSTM (S2),,S2,0.61,0.23,0.67,0.12,,True,True,
LOYO,field,URG-S,paper best (S2),3D-ConvLSTM,S2,0.63,0.25,0.65,0.15,,True,True,
LOYO,field,URG-S,paper best (S2+ADM),"3D-ConvLSTM, input",S2+ADM,0.56,0.28,0.71,0.15,,True,True,
LOYO,pixel,ARG-C,paper: LSTM (S2),,S2,0.39,0.23,2.9,0.27,,True,True,
LOYO,pixel,ARG-C,paper best (S2),3D-ConvLSTM,S2,0.48,0.29,2.68,0.33,,True,True,
LOYO,pixel,ARG-C,paper best (S2+ADM),"LSTM, input",S2+ADM,0.44,0.26,2.78,0.24,,True,True,
LOYO,pixel,ARG-S,paper: LSTM (S2),,S2,0.46,0.16,1.12,0.17,,True,True,
LOYO,pixel,ARG-S,paper best (S2),3D-LSTM,S2,0.55,0.14,1.03,0.18,,True,True,
LOYO,pixel,ARG-S,paper best (S2+ADM),"AFF, feature",S2+ADM,0.66,0.36,0.89,0.19,,True,True,
LOYO,pixel,ARG-W,paper: LSTM (S2),,S2,0.61,0.73,1.49,0.46,,True,True,
LOYO,pixel,ARG-W,paper best (S2),3D-LSTM,S2,0.68,0.5,1.35,0.32,,True,True,
LOYO,pixel,ARG-W,paper best (S2+ADM),"AFF, feature",S2+ADM,0.72,0.31,1.27,0.24,,True,True,
LOYO,pixel,BRA-C,paper: LSTM (S2),,S2,0.15,0.25,2.66,0.66,,True,True,
LOYO,pixel,BRA-C,paper best (S2),3D-LSTM,S2,0.21,0.19,2.56,0.73,,True,True,
LOYO,pixel,BRA-C,paper best (S2+ADM),"AFF, feature",S2+ADM,0.29,0.09,2.43,0.81,,True,True,
LOYO,pixel,BRA-S,paper: LSTM (S2),,S2,0.04,0.44,1.18,0.22,,True,True,
LOYO,pixel,BRA-S,paper best (S2),3D-ConvLSTM,S2,0.19,0.11,1.08,0.17,,True,True,
LOYO,pixel,BRA-S,paper best (S2+ADM),"AFF, feature",S2+ADM,0.29,0.18,1.02,0.17,,True,True,
LOYO,pixel,BRA-W,paper: LSTM (S2),,S2,0.08,0.17,1.5,0.46,,True,True,
LOYO,pixel,BRA-W,paper best (S2),LSTM,S2,0.08,0.17,1.5,0.46,,True,True,
LOYO,pixel,BRA-W,paper best (S2+ADM),"AFF, feature",S2+ADM,0.11,0.15,1.48,0.48,,True,True,
LOYO,pixel,GER-R,paper: LSTM (S2),,S2,-0.05,0.35,1.71,0.28,,True,True,
LOYO,pixel,GER-R,paper best (S2),3D-ConvLSTM,S2,0.21,0.15,1.49,0.31,,True,True,
LOYO,pixel,GER-R,paper best (S2+ADM),"LSTM, input",S2+ADM,0.31,0.1,1.38,0.27,,True,True,
LOYO,pixel,GER-W,paper: LSTM (S2),,S2,-0.68,0.77,3.82,1.21,,True,True,
LOYO,pixel,GER-W,paper best (S2),3D-ConvLSTM,S2,0.15,0.27,2.71,0.79,,True,True,
LOYO,pixel,GER-W,paper best (S2+ADM),"3D-ConvLSTM, input",S2+ADM,0.22,0.17,2.6,0.63,,True,True,
LOYO,pixel,URG-S,paper: LSTM (S2),,S2,0.33,0.08,1.29,0.1,,True,True,
LOYO,pixel,URG-S,paper best (S2),3D-LSTM,S2,0.35,0.11,1.27,0.14,,True,True,
LOYO,pixel,URG-S,paper best (S2+ADM),"AFF, feature",S2+ADM,0.32,0.16,1.3,0.16,,True,True,
