source,protocol,level,modalities,fusion,model,pair,r2_mean,r2_std,rmse_mean,rmse_std,web_r2_mean,web_rmse_mean,sources_agree
arXiv:2604.00940 Table 13,CV10,field,S2,none,3D-ConvLSTM,ARG-C,0.84,0.07,1.13,0.22,0.84,1.13,True
arXiv:2604.00940 Table 13,CV10,field,S2,none,3D-ConvLSTM,ARG-S,0.79,0.12,0.55,0.16,0.79,0.55,True
arXiv:2604.00940 Table 13,CV10,field,S2,none,3D-ConvLSTM,ARG-W,0.92,0.08,0.62,0.24,0.92,0.62,True
arXiv:2604.00940 Table 13,CV10,field,S2,none,3D-ConvLSTM,BRA-C,0.82,0.09,0.74,0.12,0.82,0.74,True
arXiv:2604.00940 Table 13,CV10,field,S2,none,3D-ConvLSTM,BRA-S,0.76,0.09,0.34,0.05,0.76,0.34,True
arXiv:2604.00940 Table 13,CV10,field,S2,none,3D-ConvLSTM,BRA-W,0.73,0.09,0.42,0.16,0.73,0.42,True
arXiv:2604.00940 Table 13,CV10,field,S2,none,3D-ConvLSTM,GER-R,0.81,0.1,0.58,0.19,0.81,0.58,True
arXiv:2604.00940 Table 13,CV10,field,S2,none,3D-ConvLSTM,GER-W,0.65,0.16,1.12,0.34,0.65,1.12,True
arXiv:2604.00940 Table 13,CV10,field,S2,none,3D-ConvLSTM,URG-S,0.77,0.06,0.51,0.1,0.77,0.51,True
arXiv:2604.00940 Table 13,CV10,field,S2,none,3D-LSTM,ARG-C,0.74,0.15,1.44,0.39,0.74,1.44,True
arXiv:2604.00940 Table 13,CV10,field,S2,none,3D-LSTM,ARG-S,0.77,0.11,0.58,0.15,0.77,0.58,True
arXiv:2604.00940 Table 13,CV10,field,S2,none,3D-LSTM,ARG-W,0.89,0.1,0.7,0.25,0.89,0.7,True
arXiv:2604.00940 Table 13,CV10,field,S2,none,3D-LSTM,BRA-C,0.82,0.11,0.74,0.11,0.82,0.74,True
arXiv:2604.00940 Table 13,CV10,field,S2,none,3D-LSTM,BRA-S,0.76,0.08,0.34,0.06,0.76,0.34,True
arXiv:2604.00940 Table 13,CV10,field,S2,none,3D-LSTM,BRA-W,0.63,0.16,0.48,0.21,0.63,0.48,True
arXiv:2604.00940 Table 13,CV10,field,S2,none,3D-LSTM,GER-R,0.82,0.09,0.57,0.14,0.82,0.57,True
arXiv:2604.00940 Table 13,CV10,field,S2,none,3D-LSTM,GER-W,0.54,0.26,1.28,0.4,0.54,1.28,True
arXiv:2604.00940 Table 13,CV10,field,S2,none,3D-LSTM,URG-S,0.73,0.09,0.56,0.12,0.73,0.56,True
arXiv:2604.00940 Table 13,CV10,field,S2,none,LSTM,ARG-C,0.79,0.11,1.29,0.24,0.79,1.29,True
arXiv:2604.00940 Table 13,CV10,field,S2,none,LSTM,ARG-S,0.72,0.12,0.64,0.14,0.72,0.64,True
arXiv:2604.00940 Table 13,CV10,field,S2,none,LSTM,ARG-W,0.85,0.1,0.84,0.21,0.85,0.84,True
arXiv:2604.00940 Table 13,CV10,field,S2,none,LSTM,BRA-C,0.75,0.2,0.88,0.22,0.75,0.88,True
arXiv:2604.00940 Table 13,CV10,field,S2,none,LSTM,BRA-S,0.68,0.12,0.39,0.05,0.68,0.39,True
arXiv:2604.00940 Table 13,CV10,field,S2,none,LSTM,BRA-W,0.62,0.16,0.49,0.18,0.62,0.49,True
arXiv:2604.00940 Table 13,CV10,field,S2,none,LSTM,GER-R,0.62,0.25,0.83,0.26,0.62,0.83,True
arXiv:2604.00940 Table 13,CV10,field,S2,none,LSTM,GER-W,0.55,0.41,2.6,1.28,-0.87,2.6,False
arXiv:2604.00940 Table 13,CV10,field,S2,none,LSTM,URG-S,0.66,0.11,0.62,0.12,0.66,0.62,True
arXiv:2604.00940 Table 13,CV10,field,S2,none,Transformer,ARG-C,0.77,0.07,1.35,0.21,0.77,1.35,True
arXiv:2604.00940 Table 13,CV10,field,S2,none,Transformer,ARG-S,0.73,0.11,0.63,0.16,0.73,0.63,True
arXiv:2604.00940 Table 13,CV10,field,S2,none,Transformer,ARG-W,0.87,0.11,0.78,0.23,0.87,0.78,True
arXiv:2604.00940 Table 13,CV10,field,S2,none,Transformer,BRA-C,0.79,0.19,0.82,0.19,0.79,0.82,True
arXiv:2604.00940 Table 13,CV10,field,S2,none,Transformer,BRA-S,0.75,0.12,0.35,0.08,0.75,0.35,True
arXiv:2604.00940 Table 13,CV10,field,S2,none,Transformer,BRA-W,0.62,0.12,0.49,0.19,0.62,0.49,True
arXiv:2604.00940 Table 13,CV10,field,S2,none,Transformer,GER-R,0.75,0.14,0.67,0.21,0.75,0.67,True
arXiv:2604.00940 Table 13,CV10,field,S2,none,Transformer,GER-W,0.56,0.33,1.26,0.24,0.56,1.26,True
arXiv:2604.00940 Table 13,CV10,field,S2,none,Transformer,URG-S,0.72,0.1,0.56,0.1,0.72,0.56,True
arXiv:2604.00940 Table 13,CV10,field,S2+ADM,feature_fusion,AFF,ARG-C,0.84,0.05,1.12,0.18,0.84,1.12,True
arXiv:2604.00940 Table 13,CV10,field,S2+ADM,feature_fusion,AFF,ARG-S,0.84,0.09,0.49,0.14,0.84,0.49,True
arXiv:2604.00940 Table 13,CV10,field,S2+ADM,feature_fusion,AFF,ARG-W,0.92,0.08,0.6,0.22,0.92,0.6,True
arXiv:2604.00940 Table 13,CV10,field,S2+ADM,feature_fusion,AFF,BRA-C,0.84,0.04,0.7,0.15,0.84,0.7,True
arXiv:2604.00940 Table 13,CV10,field,S2+ADM,feature_fusion,AFF,BRA-S,0.8,0.08,0.31,0.07,0.8,0.31,True
arXiv:2604.00940 Table 13,CV10,field,S2+ADM,feature_fusion,AFF,BRA-W,0.71,0.12,0.43,0.14,0.71,0.43,True
arXiv:2604.00940 Table 13,CV10,field,S2+ADM,feature_fusion,AFF,GER-R,0.8,0.11,0.6,0.13,0.8,0.6,True
arXiv:2604.00940 Table 13,CV10,field,S2+ADM,feature_fusion,AFF,GER-W,0.74,0.17,0.96,0.37,0.74,0.96,True
arXiv:2604.00940 Table 13,CV10,field,S2+ADM,feature_fusion,AFF,URG-S,0.81,0.09,0.46,0.11,0.82,0.46,False
arXiv:2604.00940 Table 13,CV10,field,S2+ADM,feature_fusion,MMGF,ARG-C,0.79,0.13,1.3,0.34,0.79,1.3,True
arXiv:2604.00940 Table 13,CV10,field,S2+ADM,feature_fusion,MMGF,ARG-S,0.82,0.09,0.51,0.14,0.82,0.51,True
arXiv:2604.00940 Table 13,CV10,field,S2+ADM,feature_fusion,MMGF,ARG-W,0.89,0.09,0.69,0.25,0.89,0.69,True
arXiv:2604.00940 Table 13,CV10,field,S2+ADM,feature_fusion,MMGF,BRA-C,0.76,0.15,0.86,0.21,0.76,0.86,True
arXiv:2604.00940 Table 13,CV10,field,S2+ADM,feature_fusion,MMGF,BRA-S,0.8,0.06,0.31,0.05,0.8,0.31,True
arXiv:2604.00940 Table 13,CV10,field,S2+ADM,feature_fusion,MMGF,BRA-W,0.59,0.35,0.51,0.17,0.59,0.51,True
arXiv:2604.00940 Table 13,CV10,field,S2+ADM,feature_fusion,MMGF,GER-R,0.75,0.14,0.68,0.26,0.75,0.68,True
arXiv:2604.00940 Table 13,CV10,field,S2+ADM,feature_fusion,MMGF,GER-W,0.77,0.16,0.9,0.21,0.77,0.9,True
arXiv:2604.00940 Table 13,CV10,field,S2+ADM,feature_fusion,MMGF,URG-S,0.75,0.08,0.53,0.09,0.75,0.53,True
arXiv:2604.00940 Table 13,CV10,field,S2+ADM,input_fusion,3D-ConvLSTM,ARG-C,0.12,0.26,2.63,0.44,0.12,2.63,True
arXiv:2604.00940 Table 13,CV10,field,S2+ADM,input_fusion,3D-ConvLSTM,ARG-S,0.82,0.09,0.52,0.14,0.82,0.52,True
arXiv:2604.00940 Table 13,CV10,field,S2+ADM,input_fusion,3D-ConvLSTM,ARG-W,0.89,0.1,0.72,0.25,0.89,0.72,True
arXiv:2604.00940 Table 13,CV10,field,S2+ADM,input_fusion,3D-ConvLSTM,BRA-C,0.83,0.13,0.72,0.17,0.83,0.72,True
arXiv:2604.00940 Table 13,CV10,field,S2+ADM,input_fusion,3D-ConvLSTM,BRA-S,0.76,0.1,0.34,0.06,0.76,0.34,True
arXiv:2604.00940 Table 13,CV10,field,S2+ADM,input_fusion,3D-ConvLSTM,BRA-W,0.72,0.1,0.42,0.17,0.72,0.42,True
arXiv:2604.00940 Table 13,CV10,field,S2+ADM,input_fusion,3D-ConvLSTM,GER-R,0.78,0.09,0.63,0.18,0.78,0.63,True
arXiv:2604.00940 Table 13,CV10,field,S2+ADM,input_fusion,3D-ConvLSTM,GER-W,0.7,0.2,1.03,0.31,0.7,1.03,True
arXiv:2604.00940 Table 13,CV10,field,S2+ADM,input_fusion,3D-ConvLSTM,URG-S,0.78,0.1,0.5,0.1,0.8,0.48,False
arXiv:2604.00940 Table 13,CV10,field,S2+ADM,input_fusion,3D-LSTM,ARG-C,0.4,0.56,2.17,0.79,0.4,2.17,True
arXiv:2604.00940 Table 13,CV10,field,S2+ADM,input_fusion,3D-LSTM,ARG-S,0.76,0.1,0.59,0.14,0.76,0.59,True
arXiv:2604.00940 Table 13,CV10,field,S2+ADM,input_fusion,3D-LSTM,ARG-W,0.87,0.11,0.77,0.27,0.87,0.77,True
arXiv:2604.00940 Table 13,CV10,field,S2+ADM,input_fusion,3D-LSTM,BRA-C,0.84,0.1,0.71,0.13,0.84,0.71,True
arXiv:2604.00940 Table 13,CV10,field,S2+ADM,input_fusion,3D-LSTM,BRA-S,0.75,0.1,0.35,0.06,0.75,0.35,True
arXiv:2604.00940 Table 13,CV10,field,S2+ADM,input_fusion,3D-LSTM,BRA-W,0.72,0.09,0.42,0.14,0.72,0.42,True
arXiv:2604.00940 Table 13,CV10,field,S2+ADM,input_fusion,3D-LSTM,GER-R,0.81,0.07,0.59,0.12,0.81,0.59,True
arXiv:2604.00940 Table 13,CV10,field,S2+ADM,input_fusion,3D-LSTM,GER-W,0.62,0.33,1.17,0.27,0.62,1.17,True
arXiv:2604.00940 Table 13,CV10,field,S2+ADM,input_fusion,3D-LSTM,URG-S,0.77,0.07,0.52,0.09,0.77,0.52,True
arXiv:2604.00940 Table 13,CV10,field,S2+ADM,input_fusion,LSTM,ARG-C,0.76,0.12,1.39,0.29,0.76,1.39,True
arXiv:2604.00940 Table 13,CV10,field,S2+ADM,input_fusion,LSTM,ARG-S,0.72,0.11,0.64,0.13,0.72,0.64,True
arXiv:2604.00940 Table 13,CV10,field,S2+ADM,input_fusion,LSTM,ARG-W,0.85,0.1,0.83,0.24,0.85,0.83,True
arXiv:2604.00940 Table 13,CV10,field,S2+ADM,input_fusion,LSTM,BRA-C,0.81,0.2,0.78,0.2,0.81,0.78,True
arXiv:2604.00940 Table 13,CV10,field,S2+ADM,input_fusion,LSTM,BRA-S,0.64,0.15,0.42,0.07,0.64,0.42,True
arXiv:2604.00940 Table 13,CV10,field,S2+ADM,input_fusion,LSTM,BRA-W,0.58,0.21,0.52,0.22,0.58,0.52,True
arXiv:2604.00940 Table 13,CV10,field,S2+ADM,input_fusion,LSTM,GER-R,0.81,0.09,0.58,0.15,0.81,0.58,True
arXiv:2604.00940 Table 13,CV10,field,S2+ADM,input_fusion,LSTM,GER-W,0.63,0.32,1.16,0.35,0.63,1.16,True
arXiv:2604.00940 Table 13,CV10,field,S2+ADM,input_fusion,LSTM,URG-S,0.72,0.06,0.56,0.07,0.72,0.56,True
arXiv:2604.00940 Table 13,CV10,field,S2+ADM,input_fusion,Transformer,ARG-C,0.69,0.18,1.55,0.34,0.69,1.55,True
arXiv:2604.00940 Table 13,CV10,field,S2+ADM,input_fusion,Transformer,ARG-S,0.72,0.12,0.64,0.15,0.72,0.64,True
arXiv:2604.00940 Table 13,CV10,field,S2+ADM,input_fusion,Transformer,ARG-W,0.83,0.11,0.87,0.22,0.83,0.87,True
arXiv:2604.00940 Table 13,CV10,field,S2+ADM,input_fusion,Transformer,BRA-C,0.79,0.16,0.81,0.18,0.79,0.81,True
arXiv:2604.00940 Table 13,CV10,field,S2+ADM,input_fusion,Transformer,BRA-S,0.71,0.09,0.37,0.06,0.71,0.37,True
arXiv:2604.00940 Table 13,CV10,field,S2+ADM,input_fusion,Transformer,BRA-W,0.61,0.23,0.49,0.19,0.61,0.49,True
arXiv:2604.00940 Table 13,CV10,field,S2+ADM,input_fusion,Transformer,GER-R,0.76,0.11,0.65,0.15,0.76,0.65,True
arXiv:2604.00940 Table 13,CV10,field,S2+ADM,input_fusion,Transformer,GER-W,0.61,0.24,1.19,0.22,0.61,1.19,True
arXiv:2604.00940 Table 13,CV10,field,S2+ADM,input_fusion,Transformer,URG-S,0.73,0.07,0.55,0.1,0.73,0.55,True
arXiv:2604.00940 Table 14,CV10,pixel,S2,none,3D-ConvLSTM,ARG-C,0.65,0.11,2.2,0.27,0.65,2.2,True
arXiv:2604.00940 Table 14,CV10,pixel,S2,none,3D-ConvLSTM,ARG-S,0.65,0.06,0.9,0.11,0.65,0.9,True
arXiv:2604.00940 Table 14,CV10,pixel,S2,none,3D-ConvLSTM,ARG-W,0.79,0.1,1.1,0.18,0.79,1.1,True
arXiv:2604.00940 Table 14,CV10,pixel,S2,none,3D-ConvLSTM,BRA-C,0.45,0.12,2.13,0.31,0.45,2.13,True
arXiv:2604.00940 Table 14,CV10,pixel,S2,none,3D-ConvLSTM,BRA-S,0.39,0.07,0.94,0.06,0.39,0.94,True
arXiv:2604.00940 Table 14,CV10,pixel,S2,none,3D-ConvLSTM,BRA-W,0.23,0.05,1.38,0.18,0.23,1.38,True
arXiv:2604.00940 Table 14,CV10,pixel,S2,none,3D-ConvLSTM,GER-R,0.49,0.1,1.2,0.22,0.49,1.2,True
arXiv:2604.00940 Table 14,CV10,pixel,S2,none,3D-ConvLSTM,GER-W,0.34,0.09,2.4,0.34,0.34,2.4,True
arXiv:2604.00940 Table 14,CV10,pixel,S2,none,3D-ConvLSTM,URG-S,0.41,0.06,1.22,0.12,0.41,1.22,True
arXiv:2604.00940 Table 14,CV10,pixel,S2,none,3D-LSTM,ARG-C,0.59,0.13,2.37,0.38,0.59,2.37,True
arXiv:2604.00940 Table 14,CV10,pixel,S2,none,3D-LSTM,ARG-S,0.65,0.07,0.9,0.11,0.65,0.9,True
arXiv:2604.00940 Table 14,CV10,pixel,S2,none,3D-LSTM,ARG-W,0.79,0.11,1.08,0.2,0.79,1.08,True
arXiv:2604.00940 Table 14,CV10,pixel,S2,none,3D-LSTM,BRA-C,0.46,0.14,2.13,0.37,0.46,2.13,True
arXiv:2604.00940 Table 14,CV10,pixel,S2,none,3D-LSTM,BRA-S,0.39,0.07,0.93,0.06,0.39,0.93,True
arXiv:2604.00940 Table 14,CV10,pixel,S2,none,3D-LSTM,BRA-W,0.24,0.05,1.37,0.19,0.24,1.37,True
arXiv:2604.00940 Table 14,CV10,pixel,S2,none,3D-LSTM,GER-R,0.48,0.12,1.2,0.23,0.48,1.2,True
arXiv:2604.00940 Table 14,CV10,pixel,S2,none,3D-LSTM,GER-W,0.3,0.2,2.46,0.43,0.3,2.46,True
arXiv:2604.00940 Table 14,CV10,pixel,S2,none,3D-LSTM,URG-S,0.39,0.07,1.23,0.12,0.39,1.23,True
arXiv:2604.00940 Table 14,CV10,pixel,S2,none,LSTM,ARG-C,0.59,0.07,2.4,0.26,0.59,2.4,True
arXiv:2604.00940 Table 14,CV10,pixel,S2,none,LSTM,ARG-S,0.6,0.08,0.96,0.1,0.6,0.96,True
arXiv:2604.00940 Table 14,CV10,pixel,S2,none,LSTM,ARG-W,0.74,0.12,1.21,0.19,0.74,1.21,True
arXiv:2604.00940 Table 14,CV10,pixel,S2,none,LSTM,BRA-C,0.42,0.13,2.2,0.35,0.42,2.2,True
arXiv:2604.00940 Table 14,CV10,pixel,S2,none,LSTM,BRA-S,0.34,0.09,0.98,0.06,0.34,0.98,True
arXiv:2604.00940 Table 14,CV10,pixel,S2,none,LSTM,BRA-W,0.22,0.06,1.39,0.17,0.22,1.39,True
arXiv:2604.00940 Table 14,CV10,pixel,S2,none,LSTM,GER-R,0.36,0.14,1.33,0.23,0.36,1.33,True
arXiv:2604.00940 Table 14,CV10,pixel,S2,none,LSTM,GER-W,-0.32,0.64,3.38,1.04,-0.32,3.38,True
arXiv:2604.00940 Table 14,CV10,pixel,S2,none,LSTM,URG-S,0.37,0.07,1.26,0.12,0.37,1.26,True
arXiv:2604.00940 Table 14,CV10,pixel,S2,none,Transformer,ARG-C,0.61,0.05,2.33,0.23,0.61,2.33,True
arXiv:2604.00940 Table 14,CV10,pixel,S2,none,Transformer,ARG-S,0.62,0.08,0.94,0.1,0.62,0.94,True
arXiv:2604.00940 Table 14,CV10,pixel,S2,none,Transformer,ARG-W,0.76,0.12,1.17,0.22,0.76,1.17,True
arXiv:2604.00940 Table 14,CV10,pixel,S2,none,Transformer,BRA-C,0.44,0.13,2.16,0.31,0.44,2.16,True
arXiv:2604.00940 Table 14,CV10,pixel,S2,none,Transformer,BRA-S,0.38,0.08,0.94,0.07,0.38,0.94,True
arXiv:2604.00940 Table 14,CV10,pixel,S2,none,Transformer,BRA-W,0.22,0.06,1.39,0.17,0.22,1.39,True
arXiv:2604.00940 Table 14,CV10,pixel,S2,none,Transformer,GER-R,0.44,0.1,1.25,0.24,0.44,1.25,True
arXiv:2604.00940 Table 14,CV10,pixel,S2,none,Transformer,GER-W,0.32,0.14,2.43,0.27,0.32,2.43,True
arXiv:2604.00940 Table 14,CV10,pixel,S2,none,Transformer,URG-S,0.38,0.08,1.24,0.13,0.38,1.24,True
arXiv:2604.00940 Table 14,CV10,pixel,S2+ADM,feature_fusion,AFF,ARG-C,0.7,0.06,2.03,0.27,0.7,2.03,True
arXiv:2604.00940 Table 14,CV10,pixel,S2+ADM,feature_fusion,AFF,ARG-S,0.73,0.06,0.79,0.1,0.73,0.79,True
arXiv:2604.00940 Table 14,CV10,pixel,S2+ADM,feature_fusion,AFF,ARG-W,0.84,0.09,0.96,0.17,0.84,0.96,True
arXiv:2604.00940 Table 14,CV10,pixel,S2+ADM,feature_fusion,AFF,BRA-C,0.46,0.11,2.12,0.33,0.46,2.12,True
arXiv:2604.00940 Table 14,CV10,pixel,S2+ADM,feature_fusion,AFF,BRA-S,0.44,0.08,0.9,0.07,0.44,0.9,True
arXiv:2604.00940 Table 14,CV10,pixel,S2+ADM,feature_fusion,AFF,BRA-W,0.24,0.06,1.37,0.18,0.24,1.37,True
arXiv:2604.00940 Table 14,CV10,pixel,S2+ADM,feature_fusion,AFF,GER-R,0.49,0.09,1.2,0.22,0.49,1.2,True
arXiv:2604.00940 Table 14,CV10,pixel,S2+ADM,feature_fusion,AFF,GER-W,0.44,0.16,2.2,0.44,0.44,2.2,True
arXiv:2604.00940 Table 14,CV10,pixel,S2+ADM,feature_fusion,AFF,URG-S,0.43,0.07,1.19,1.1,0.43,1.19,True
arXiv:2604.00940 Table 14,CV10,pixel,S2+ADM,feature_fusion,MMGF,ARG-C,0.65,0.08,2.2,0.33,0.65,2.2,True
arXiv:2604.00940 Table 14,CV10,pixel,S2+ADM,feature_fusion,MMGF,ARG-S,0.7,0.06,0.84,0.1,0.7,0.84,True
arXiv:2604.00940 Table 14,CV10,pixel,S2+ADM,feature_fusion,MMGF,ARG-W,0.8,0.09,1.07,0.19,0.8,1.07,True
arXiv:2604.00940 Table 14,CV10,pixel,S2+ADM,feature_fusion,MMGF,BRA-C,0.42,0.14,2.19,0.42,0.42,2.19,True
arXiv:2604.00940 Table 14,CV10,pixel,S2+ADM,feature_fusion,MMGF,BRA-S,0.42,0.07,0.92,0.06,0.42,0.92,True
arXiv:2604.00940 Table 14,CV10,pixel,S2+ADM,feature_fusion,MMGF,BRA-W,0.2,0.08,1.4,0.19,0.2,1.4,True
arXiv:2604.00940 Table 14,CV10,pixel,S2+ADM,feature_fusion,MMGF,GER-R,0.44,0.16,1.26,0.23,0.44,1.26,True
arXiv:2604.00940 Table 14,CV10,pixel,S2+ADM,feature_fusion,MMGF,GER-W,0.44,0.1,2.21,0.36,0.44,2.21,True
arXiv:2604.00940 Table 14,CV10,pixel,S2+ADM,feature_fusion,MMGF,URG-S,0.4,0.07,1.22,0.12,0.4,1.22,True
arXiv:2604.00940 Table 14,CV10,pixel,S2+ADM,input_fusion,3D-ConvLSTM,ARG-C,0.08,0.24,3.58,0.64,0.08,3.58,True
arXiv:2604.00940 Table 14,CV10,pixel,S2+ADM,input_fusion,3D-ConvLSTM,ARG-S,0.68,0.06,0.87,0.1,0.68,0.87,True
arXiv:2604.00940 Table 14,CV10,pixel,S2+ADM,input_fusion,3D-ConvLSTM,ARG-W,0.78,0.1,1.11,0.18,0.78,1.11,True
arXiv:2604.00940 Table 14,CV10,pixel,S2+ADM,input_fusion,3D-ConvLSTM,BRA-C,0.46,0.12,2.12,0.31,0.46,2.12,True
arXiv:2604.00940 Table 14,CV10,pixel,S2+ADM,input_fusion,3D-ConvLSTM,BRA-S,0.38,0.07,0.94,0.06,0.38,0.94,True
arXiv:2604.00940 Table 14,CV10,pixel,S2+ADM,input_fusion,3D-ConvLSTM,BRA-W,0.23,0.06,1.38,0.18,0.23,1.38,True
arXiv:2604.00940 Table 14,CV10,pixel,S2+ADM,input_fusion,3D-ConvLSTM,GER-R,0.42,0.14,1.27,0.24,0.42,1.27,True
arXiv:2604.00940 Table 14,CV10,pixel,S2+ADM,input_fusion,3D-ConvLSTM,GER-W,0.39,0.16,2.3,0.4,0.39,2.3,True
arXiv:2604.00940 Table 14,CV10,pixel,S2+ADM,input_fusion,3D-ConvLSTM,URG-S,0.41,0.06,1.22,0.12,0.42,1.2,False
arXiv:2604.00940 Table 14,CV10,pixel,S2+ADM,input_fusion,3D-LSTM,ARG-C,0.36,0.29,2.97,0.63,0.36,2.97,True
arXiv:2604.00940 Table 14,CV10,pixel,S2+ADM,input_fusion,3D-LSTM,ARG-S,0.64,0.07,0.91,0.11,0.64,0.91,True
arXiv:2604.00940 Table 14,CV10,pixel,S2+ADM,input_fusion,3D-LSTM,ARG-W,0.78,0.1,1.13,0.18,0.78,1.13,True
arXiv:2604.00940 Table 14,CV10,pixel,S2+ADM,input_fusion,3D-LSTM,BRA-C,0.46,0.12,2.12,0.34,0.46,2.12,True
arXiv:2604.00940 Table 14,CV10,pixel,S2+ADM,input_fusion,3D-LSTM,BRA-S,0.41,0.06,0.93,0.06,0.41,0.93,True
arXiv:2604.00940 Table 14,CV10,pixel,S2+ADM,input_fusion,3D-LSTM,BRA-W,0.24,0.06,1.37,0.17,0.24,1.37,True
arXiv:2604.00940 Table 14,CV10,pixel,S2+ADM,input_fusion,3D-LSTM,GER-R,0.49,0.1,1.2,0.2,0.49,1.2,True
arXiv:2604.00940 Table 14,CV10,pixel,S2+ADM,input_fusion,3D-LSTM,GER-W,0.37,0.13,2.34,0.35,0.37,2.34,True
arXiv:2604.00940 Table 14,CV10,pixel,S2+ADM,input_fusion,3D-LSTM,URG-S,0.4,0.07,1.22,0.12,0.4,1.22,True
arXiv:2604.00940 Table 14,CV10,pixel,S2+ADM,input_fusion,LSTM,ARG-C,0.58,0.09,2.41,0.23,0.58,2.41,True
arXiv:2604.00940 Table 14,CV10,pixel,S2+ADM,input_fusion,LSTM,ARG-S,0.59,0.08,0.98,0.1,0.59,0.98,True
arXiv:2604.00940 Table 14,CV10,pixel,S2+ADM,input_fusion,LSTM,ARG-W,0.75,0.11,1.2,0.2,0.75,1.2,True
arXiv:2604.00940 Table 14,CV10,pixel,S2+ADM,input_fusion,LSTM,BRA-C,0.43,0.14,2.18,0.37,0.43,2.18,True
arXiv:2604.00940 Table 14,CV10,pixel,S2+ADM,input_fusion,LSTM,BRA-S,0.33,0.09,0.99,0.07,0.33,0.99,True
arXiv:2604.00940 Table 14,CV10,pixel,S2+ADM,input_fusion,LSTM,BRA-W,0.21,0.06,1.4,0.18,0.21,1.4,True
arXiv:2604.00940 Table 14,CV10,pixel,S2+ADM,input_fusion,LSTM,GER-R,0.47,0.1,1.21,0.2,0.47,1.21,True
arXiv:2604.00940 Table 14,CV10,pixel,S2+ADM,input_fusion,LSTM,GER-W,0.35,0.19,2.38,0.4,0.35,2.38,True
arXiv:2604.00940 Table 14,CV10,pixel,S2+ADM,input_fusion,LSTM,URG-S,0.39,0.07,1.23,0.12,0.39,1.23,True
arXiv:2604.00940 Table 14,CV10,pixel,S2+ADM,input_fusion,Transformer,ARG-C,0.52,0.13,2.57,0.2,0.52,2.57,True
arXiv:2604.00940 Table 14,CV10,pixel,S2+ADM,input_fusion,Transformer,ARG-S,0.58,0.07,0.98,0.1,0.58,0.98,True
arXiv:2604.00940 Table 14,CV10,pixel,S2+ADM,input_fusion,Transformer,ARG-W,0.7,0.15,1.3,0.24,0.7,1.3,True
arXiv:2604.00940 Table 14,CV10,pixel,S2+ADM,input_fusion,Transformer,BRA-C,0.44,0.14,2.17,0.33,0.44,2.17,True
arXiv:2604.00940 Table 14,CV10,pixel,S2+ADM,input_fusion,Transformer,BRA-S,0.37,0.09,0.96,0.07,0.37,0.96,True
arXiv:2604.00940 Table 14,CV10,pixel,S2+ADM,input_fusion,Transformer,BRA-W,0.22,0.06,1.39,0.17,0.22,1.39,True
arXiv:2604.00940 Table 14,CV10,pixel,S2+ADM,input_fusion,Transformer,GER-R,0.45,0.1,1.24,0.2,0.45,1.24,True
arXiv:2604.00940 Table 14,CV10,pixel,S2+ADM,input_fusion,Transformer,GER-W,0.38,0.13,2.32,0.34,0.38,2.32,True
arXiv:2604.00940 Table 14,CV10,pixel,S2+ADM,input_fusion,Transformer,URG-S,0.39,0.07,1.23,0.13,0.39,1.23,True
arXiv:2604.00940 Table 15,LOYO,field,S2,none,3D-ConvLSTM,ARG-C,0.61,0.55,1.75,0.51,0.61,1.75,True
arXiv:2604.00940 Table 15,LOYO,field,S2,none,3D-ConvLSTM,ARG-S,0.65,0.31,0.71,0.18,0.65,0.71,True
arXiv:2604.00940 Table 15,LOYO,field,S2,none,3D-ConvLSTM,ARG-W,0.78,0.88,1.0,0.4,0.78,1.0,True
arXiv:2604.00940 Table 15,LOYO,field,S2,none,3D-ConvLSTM,BRA-C,0.2,0.32,1.58,0.75,0.2,1.58,True
arXiv:2604.00940 Table 15,LOYO,field,S2,none,3D-ConvLSTM,BRA-S,0.36,0.42,0.55,0.15,0.36,0.55,True
arXiv:2604.00940 Table 15,LOYO,field,S2,none,3D-ConvLSTM,BRA-W,-0.06,1.3,0.82,0.42,-0.06,0.82,True
arXiv:2604.00940 Table 15,LOYO,field,S2,none,3D-ConvLSTM,GER-R,0.43,0.24,1.02,0.23,0.43,1.02,True
arXiv:2604.00940 Table 15,LOYO,field,S2,none,3D-ConvLSTM,GER-W,0.23,0.6,1.67,0.6,0.23,1.67,True
arXiv:2604.00940 Table 15,LOYO,field,S2,none,3D-ConvLSTM,URG-S,0.63,0.25,0.65,0.15,0.63,0.65,True
arXiv:2604.00940 Table 15,LOYO,field,S2,none,3D-LSTM,ARG-C,0.53,0.49,1.93,0.71,0.53,1.93,True
arXiv:2604.00940 Table 15,LOYO,field,S2,none,3D-LSTM,ARG-S,0.66,0.24,0.7,0.21,0.66,0.7,True
arXiv:2604.00940 Table 15,LOYO,field,S2,none,3D-LSTM,ARG-W,0.77,1.94,1.02,0.37,0.77,1.02,True
arXiv:2604.00940 Table 15,LOYO,field,S2,none,3D-LSTM,BRA-C,0.36,0.66,1.42,0.42,0.36,1.42,True
arXiv:2604.00940 Table 15,LOYO,field,S2,none,3D-LSTM,BRA-S,0.12,0.86,0.65,0.22,0.12,0.65,True
arXiv:2604.00940 Table 15,LOYO,field,S2,none,3D-LSTM,BRA-W,-0.33,1.03,0.92,0.56,-0.33,0.92,True
arXiv:2604.00940 Table 15,LOYO,field,S2,none,3D-LSTM,GER-R,0.41,0.23,1.03,0.34,0.41,1.03,True
arXiv:2604.00940 Table 15,LOYO,field,S2,none,3D-LSTM,GER-W,0.0,0.74,1.9,0.72,0.0,1.9,True
arXiv:2604.00940 Table 15,LOYO,field,S2,none,3D-LSTM,URG-S,0.62,0.3,0.66,0.17,0.62,0.66,True
arXiv:2604.00940 Table 15,LOYO,field,S2,none,LSTM,ARG-C,0.46,0.59,2.06,0.54,0.46,2.06,True
arXiv:2604.00940 Table 15,LOYO,field,S2,none,LSTM,ARG-S,0.5,0.22,0.85,0.25,0.5,0.85,True
arXiv:2604.00940 Table 15,LOYO,field,S2,none,LSTM,ARG-W,0.77,1.7,1.02,0.3,0.77,1.02,True
arXiv:2604.00940 Table 15,LOYO,field,S2,none,LSTM,BRA-C,0.19,1.5,1.59,0.48,0.19,1.59,True
arXiv:2604.00940 Table 15,LOYO,field,S2,none,LSTM,BRA-S,0.06,1.66,0.67,0.21,0.06,0.67,True
arXiv:2604.00940 Table 15,LOYO,field,S2,none,LSTM,BRA-W,-0.05,1.61,0.82,0.4,-0.05,0.82,True
arXiv:2604.00940 Table 15,LOYO,field,S2,none,LSTM,GER-R,-0.07,0.77,1.39,0.46,-0.07,1.39,True
arXiv:2604.00940 Table 15,LOYO,field,S2,none,LSTM,GER-W,-1.74,2.65,3.14,1.32,-1.74,3.14,True
arXiv:2604.00940 Table 15,LOYO,field,S2,none,LSTM,URG-S,0.61,0.23,0.67,0.12,0.61,0.67,True
arXiv:2604.00940 Table 15,LOYO,field,S2,none,Transformer,ARG-C,0.57,0.64,1.83,0.33,0.57,1.83,True
arXiv:2604.00940 Table 15,LOYO,field,S2,none,Transformer,ARG-S,0.52,0.21,0.84,0.2,0.52,0.84,True
arXiv:2604.00940 Table 15,LOYO,field,S2,none,Transformer,ARG-W,0.78,0.94,0.99,0.51,0.78,0.99,True
arXiv:2604.00940 Table 15,LOYO,field,S2,none,Transformer,BRA-C,0.19,0.61,1.59,0.59,0.19,1.59,True
arXiv:2604.00940 Table 15,LOYO,field,S2,none,Transformer,BRA-S,0.28,0.64,0.59,0.16,0.28,0.59,True
arXiv:2604.00940 Table 15,LOYO,field,S2,none,Transformer,BRA-W,-0.09,1.04,0.83,0.42,-0.09,0.83,True
arXiv:2604.00940 Table 15,LOYO,field,S2,none,Transformer,GER-R,0.33,0.44,1.1,0.3,0.33,1.1,True
arXiv:2604.00940 Table 15,LOYO,field,S2,none,Transformer,GER-W,0.14,0.91,1.76,0.5,0.14,1.76,True
arXiv:2604.00940 Table 15,LOYO,field,S2,none,Transformer,URG-S,0.6,0.33,0.68,0.16,0.6,0.68,True
arXiv:2604.00940 Table 15,LOYO,field,S2+ADM,feature_fusion,AFF,ARG-C,0.33,10.45,2.3,1.47,0.33,2.3,True
arXiv:2604.00940 Table 15,LOYO,field,S2+ADM,feature_fusion,AFF,ARG-S,0.77,0.84,0.59,0.23,0.77,0.59,True
arXiv:2604.00940 Table 15,LOYO,field,S2+ADM,feature_fusion,AFF,ARG-W,0.81,0.42,0.93,0.25,0.81,0.93,True
arXiv:2604.00940 Table 15,LOYO,field,S2+ADM,feature_fusion,AFF,BRA-C,0.42,0.19,1.35,0.59,0.42,1.35,True
arXiv:2604.00940 Table 15,LOYO,field,S2+ADM,feature_fusion,AFF,BRA-S,0.38,0.7,0.54,0.16,0.38,0.54,True
arXiv:2604.00940 Table 15,LOYO,field,S2+ADM,feature_fusion,AFF,BRA-W,0.14,0.51,0.74,0.43,0.14,0.74,True
arXiv:2604.00940 Table 15,LOYO,field,S2+ADM,feature_fusion,AFF,GER-R,0.44,0.34,1.0,0.28,0.44,1.0,True
arXiv:2604.00940 Table 15,LOYO,field,S2+ADM,feature_fusion,AFF,GER-W,0.19,0.49,1.71,0.64,0.19,1.71,True
arXiv:2604.00940 Table 15,LOYO,field,S2+ADM,feature_fusion,AFF,URG-S,0.53,0.47,0.73,0.22,0.53,0.73,True
arXiv:2604.00940 Table 15,LOYO,field,S2+ADM,feature_fusion,MMGF,ARG-C,0.31,4.38,2.33,1.24,0.31,2.33,True
arXiv:2604.00940 Table 15,LOYO,field,S2+ADM,feature_fusion,MMGF,ARG-S,0.66,2.77,0.7,0.47,0.66,0.7,True
arXiv:2604.00940 Table 15,LOYO,field,S2+ADM,feature_fusion,MMGF,ARG-W,0.36,5.34,1.71,0.85,0.36,1.71,True
arXiv:2604.00940 Table 15,LOYO,field,S2+ADM,feature_fusion,MMGF,BRA-C,0.39,1.04,1.38,0.44,0.39,1.38,True
arXiv:2604.00940 Table 15,LOYO,field,S2+ADM,feature_fusion,MMGF,BRA-S,0.38,0.4,0.55,0.1,0.38,0.55,True
arXiv:2604.00940 Table 15,LOYO,field,S2+ADM,feature_fusion,MMGF,BRA-W,-0.08,0.96,0.83,0.38,-0.08,0.83,True
arXiv:2604.00940 Table 15,LOYO,field,S2+ADM,feature_fusion,MMGF,GER-R,0.15,0.47,1.24,0.43,0.15,1.24,True
arXiv:2604.00940 Table 15,LOYO,field,S2+ADM,feature_fusion,MMGF,GER-W,-0.03,0.75,1.92,0.87,-0.03,1.92,True
arXiv:2604.00940 Table 15,LOYO,field,S2+ADM,feature_fusion,MMGF,URG-S,0.48,0.46,0.77,0.12,0.48,0.77,True
arXiv:2604.00940 Table 15,LOYO,field,S2+ADM,input_fusion,3D-ConvLSTM,ARG-C,-0.01,1.0,2.82,1.01,-0.01,2.82,True
arXiv:2604.00940 Table 15,LOYO,field,S2+ADM,input_fusion,3D-ConvLSTM,ARG-S,0.67,0.21,0.69,0.16,0.67,0.69,True
arXiv:2604.00940 Table 15,LOYO,field,S2+ADM,input_fusion,3D-ConvLSTM,ARG-W,0.77,1.4,1.03,0.42,0.77,1.03,True
arXiv:2604.00940 Table 15,LOYO,field,S2+ADM,input_fusion,3D-ConvLSTM,BRA-C,0.45,0.63,1.32,0.55,0.45,1.32,True
arXiv:2604.00940 Table 15,LOYO,field,S2+ADM,input_fusion,3D-ConvLSTM,BRA-S,0.34,0.73,0.56,0.2,0.34,0.56,True
arXiv:2604.00940 Table 15,LOYO,field,S2+ADM,input_fusion,3D-ConvLSTM,BRA-W,-0.15,0.78,0.86,0.53,-0.15,0.86,True
arXiv:2604.00940 Table 15,LOYO,field,S2+ADM,input_fusion,3D-ConvLSTM,GER-R,0.49,0.28,0.96,0.27,0.49,0.96,True
arXiv:2604.00940 Table 15,LOYO,field,S2+ADM,input_fusion,3D-ConvLSTM,GER-W,0.46,0.29,1.39,0.35,0.46,1.39,True
arXiv:2604.00940 Table 15,LOYO,field,S2+ADM,input_fusion,3D-ConvLSTM,URG-S,0.56,0.28,0.71,0.15,0.56,0.71,True
arXiv:2604.00940 Table 15,LOYO,field,S2+ADM,input_fusion,3D-LSTM,ARG-C,0.18,0.63,2.54,0.81,0.18,2.54,True
arXiv:2604.00940 Table 15,LOYO,field,S2+ADM,input_fusion,3D-LSTM,ARG-S,0.62,0.24,0.74,0.14,0.62,0.74,True
arXiv:2604.00940 Table 15,LOYO,field,S2+ADM,input_fusion,3D-LSTM,ARG-W,0.78,0.64,0.99,0.35,0.78,0.99,True
arXiv:2604.00940 Table 15,LOYO,field,S2+ADM,input_fusion,3D-LSTM,BRA-C,0.28,0.36,1.5,0.62,0.28,1.5,True
arXiv:2604.00940 Table 15,LOYO,field,S2+ADM,input_fusion,3D-LSTM,BRA-S,0.45,0.47,0.52,0.11,0.45,0.52,True
arXiv:2604.00940 Table 15,LOYO,field,S2+ADM,input_fusion,3D-LSTM,BRA-W,-0.07,0.67,0.82,0.49,-0.07,0.82,True
arXiv:2604.00940 Table 15,LOYO,field,S2+ADM,input_fusion,3D-LSTM,GER-R,0.26,0.48,1.15,0.39,0.26,1.15,True
arXiv:2604.00940 Table 15,LOYO,field,S2+ADM,input_fusion,3D-LSTM,GER-W,0.15,0.68,1.75,0.63,0.15,1.75,True
arXiv:2604.00940 Table 15,LOYO,field,S2+ADM,input_fusion,3D-LSTM,URG-S,0.52,0.33,0.74,0.19,0.52,0.74,True
arXiv:2604.00940 Table 15,LOYO,field,S2+ADM,input_fusion,LSTM,ARG-C,0.42,0.6,2.13,0.6,0.42,2.13,True
arXiv:2604.00940 Table 15,LOYO,field,S2+ADM,input_fusion,LSTM,ARG-S,0.62,0.31,0.74,0.16,0.62,0.74,True
arXiv:2604.00940 Table 15,LOYO,field,S2+ADM,input_fusion,LSTM,ARG-W,0.74,1.67,1.08,0.34,0.74,1.08,True
arXiv:2604.00940 Table 15,LOYO,field,S2+ADM,input_fusion,LSTM,BRA-C,0.29,1.99,1.49,0.41,0.29,1.49,True
arXiv:2604.00940 Table 15,LOYO,field,S2+ADM,input_fusion,LSTM,BRA-S,0.26,1.1,0.59,0.13,0.26,0.59,True
arXiv:2604.00940 Table 15,LOYO,field,S2+ADM,input_fusion,LSTM,BRA-W,0.12,1.23,0.75,0.32,0.12,0.75,True
arXiv:2604.00940 Table 15,LOYO,field,S2+ADM,input_fusion,LSTM,GER-R,0.58,0.15,0.87,0.17,0.58,0.87,True
arXiv:2604.00940 Table 15,LOYO,field,S2+ADM,input_fusion,LSTM,GER-W,0.33,0.55,1.56,0.38,0.33,1.56,True
arXiv:2604.00940 Table 15,LOYO,field,S2+ADM,input_fusion,LSTM,URG-S,0.54,0.35,0.73,0.12,0.54,0.73,True
arXiv:2604.00940 Table 15,LOYO,field,S2+ADM,input_fusion,Transformer,ARG-C,0.33,0.88,2.3,0.98,0.33,2.3,True
arXiv:2604.00940 Table 15,LOYO,field,S2+ADM,input_fusion,Transformer,ARG-S,0.65,0.21,0.72,0.15,0.65,0.72,True
arXiv:2604.00940 Table 15,LOYO,field,S2+ADM,input_fusion,Transformer,ARG-W,0.75,0.85,1.08,0.3,0.75,1.08,True
arXiv:2604.00940 Table 15,LOYO,field,S2+ADM,input_fusion,Transformer,BRA-C,0.25,1.07,1.54,0.63,0.25,1.54,True
arXiv:2604.00940 Table 15,LOYO,field,S2+ADM,input_fusion,Transformer,BRA-S,-0.09,1.31,0.72,0.3,-0.09,0.72,True
arXiv:2604.00940 Table 15,LOYO,field,S2+ADM,input_fusion,Transformer,BRA-W,0.11,1.47,0.75,0.33,0.11,0.75,True
arXiv:2604.00940 Table 15,LOYO,field,S2+ADM,input_fusion,Transformer,GER-R,0.47,0.11,0.98,0.21,0.47,0.98,True
arXiv:2604.00940 Table 15,LOYO,field,S2+ADM,input_fusion,Transformer,GER-W,0.02,1.48,1.88,0.47,0.02,1.88,True
arXiv:2604.00940 Table 15,LOYO,field,S2+ADM,input_fusion,Transformer,URG-S,0.56,0.33,0.71,0.16,0.56,0.71,True
arXiv:2604.00940 Table 16,LOYO,pixel,S2,none,3D-ConvLSTM,ARG-C,0.48,0.29,2.68,0.33,0.48,2.68,True
arXiv:2604.00940 Table 16,LOYO,pixel,S2,none,3D-ConvLSTM,ARG-S,0.54,0.18,1.04,0.16,0.54,1.04,True
arXiv:2604.00940 Table 16,LOYO,pixel,S2,none,3D-ConvLSTM,ARG-W,0.67,0.58,1.38,0.32,0.67,1.38,True
arXiv:2604.00940 Table 16,LOYO,pixel,S2,none,3D-ConvLSTM,BRA-C,0.15,0.11,2.67,0.9,0.15,2.67,True
arXiv:2604.00940 Table 16,LOYO,pixel,S2,none,3D-ConvLSTM,BRA-S,0.19,0.11,1.08,0.17,0.19,1.08,True
arXiv:2604.00940 Table 16,LOYO,pixel,S2,none,3D-ConvLSTM,BRA-W,0.06,0.19,1.52,0.45,0.06,1.52,True
arXiv:2604.00940 Table 16,LOYO,pixel,S2,none,3D-ConvLSTM,GER-R,0.21,0.15,1.49,0.31,0.21,1.49,True
arXiv:2604.00940 Table 16,LOYO,pixel,S2,none,3D-ConvLSTM,GER-W,0.15,0.27,2.71,0.79,0.15,2.71,True
arXiv:2604.00940 Table 16,LOYO,pixel,S2,none,3D-ConvLSTM,URG-S,0.34,0.09,1.28,0.12,0.34,1.28,True
arXiv:2604.00940 Table 16,LOYO,pixel,S2,none,3D-LSTM,ARG-C,0.47,0.25,2.7,0.39,0.47,2.7,True
arXiv:2604.00940 Table 16,LOYO,pixel,S2,none,3D-LSTM,ARG-S,0.55,0.14,1.03,0.18,0.55,1.03,True
arXiv:2604.00940 Table 16,LOYO,pixel,S2,none,3D-LSTM,ARG-W,0.68,0.5,1.35,0.32,0.68,1.35,True
arXiv:2604.00940 Table 16,LOYO,pixel,S2,none,3D-LSTM,BRA-C,0.21,0.19,2.56,0.73,0.21,2.56,True
arXiv:2604.00940 Table 16,LOYO,pixel,S2,none,3D-LSTM,BRA-S,0.13,0.21,1.12,0.18,0.13,1.12,True
arXiv:2604.00940 Table 16,LOYO,pixel,S2,none,3D-LSTM,BRA-W,0.03,0.24,1.54,0.53,0.03,1.54,True
arXiv:2604.00940 Table 16,LOYO,pixel,S2,none,3D-LSTM,GER-R,0.18,0.26,1.52,0.43,0.18,1.52,True
arXiv:2604.00940 Table 16,LOYO,pixel,S2,none,3D-LSTM,GER-W,0.01,0.3,2.93,0.91,0.01,2.93,True
arXiv:2604.00940 Table 16,LOYO,pixel,S2,none,3D-LSTM,URG-S,0.35,0.11,1.27,0.14,0.35,1.27,True
arXiv:2604.00940 Table 16,LOYO,pixel,S2,none,LSTM,ARG-C,0.39,0.23,2.9,0.27,0.39,2.9,True
arXiv:2604.00940 Table 16,LOYO,pixel,S2,none,LSTM,ARG-S,0.46,0.16,1.12,0.17,0.46,1.12,True
arXiv:2604.00940 Table 16,LOYO,pixel,S2,none,LSTM,ARG-W,0.61,0.73,1.49,0.46,0.61,1.49,True
arXiv:2604.00940 Table 16,LOYO,pixel,S2,none,LSTM,BRA-C,0.15,0.25,2.66,0.66,0.15,2.66,True
arXiv:2604.00940 Table 16,LOYO,pixel,S2,none,LSTM,BRA-S,0.04,0.44,1.18,0.22,0.04,1.18,True
arXiv:2604.00940 Table 16,LOYO,pixel,S2,none,LSTM,BRA-W,0.08,0.17,1.5,0.46,0.08,1.5,True
arXiv:2604.00940 Table 16,LOYO,pixel,S2,none,LSTM,GER-R,-0.05,0.35,1.71,0.28,-0.05,1.71,True
arXiv:2604.00940 Table 16,LOYO,pixel,S2,none,LSTM,GER-W,-0.68,0.77,3.82,1.21,-0.68,3.82,True
arXiv:2604.00940 Table 16,LOYO,pixel,S2,none,LSTM,URG-S,0.33,0.08,1.29,0.1,0.33,1.29,True
arXiv:2604.00940 Table 16,LOYO,pixel,S2,none,Transformer,ARG-C,0.42,0.35,2.83,0.29,0.42,2.83,True
arXiv:2604.00940 Table 16,LOYO,pixel,S2,none,Transformer,ARG-S,0.48,0.14,1.1,0.16,0.48,1.1,True
arXiv:2604.00940 Table 16,LOYO,pixel,S2,none,Transformer,ARG-W,0.67,0.62,1.38,0.41,0.67,1.38,True
arXiv:2604.00940 Table 16,LOYO,pixel,S2,none,Transformer,BRA-C,0.19,0.16,2.6,0.8,0.19,2.6,True
arXiv:2604.00940 Table 16,LOYO,pixel,S2,none,Transformer,BRA-S,0.16,0.2,1.1,0.14,0.16,1.1,True
arXiv:2604.00940 Table 16,LOYO,pixel,S2,none,Transformer,BRA-W,0.05,0.19,1.53,0.45,0.05,1.53,True
arXiv:2604.00940 Table 16,LOYO,pixel,S2,none,Transformer,GER-R,0.14,0.19,1.55,0.32,0.14,1.55,True
arXiv:2604.00940 Table 16,LOYO,pixel,S2,none,Transformer,GER-W,0.13,0.3,2.74,0.7,0.13,2.74,True
arXiv:2604.00940 Table 16,LOYO,pixel,S2,none,Transformer,URG-S,0.33,0.11,1.29,0.12,0.33,1.29,True
arXiv:2604.00940 Table 16,LOYO,pixel,S2+ADM,feature_fusion,AFF,ARG-C,0.35,1.83,2.99,1.31,0.35,2.99,True
arXiv:2604.00940 Table 16,LOYO,pixel,S2+ADM,feature_fusion,AFF,ARG-S,0.66,0.36,0.89,0.19,0.66,0.89,True
arXiv:2604.00940 Table 16,LOYO,pixel,S2+ADM,feature_fusion,AFF,ARG-W,0.72,0.31,1.27,0.24,0.72,1.27,True
arXiv:2604.00940 Table 16,LOYO,pixel,S2+ADM,feature_fusion,AFF,BRA-C,0.29,0.09,2.43,0.81,0.29,2.43,True
arXiv:2604.00940 Table 16,LOYO,pixel,S2+ADM,feature_fusion,AFF,BRA-S,0.29,0.18,1.02,0.17,0.29,1.02,True
arXiv:2604.00940 Table 16,LOYO,pixel,S2+ADM,feature_fusion,AFF,BRA-W,0.11,0.15,1.48,0.48,0.11,1.48,True
arXiv:2604.00940 Table 16,LOYO,pixel,S2+ADM,feature_fusion,AFF,GER-R,0.25,0.14,1.45,0.36,0.25,1.45,True
arXiv:2604.00940 Table 16,LOYO,pixel,S2+ADM,feature_fusion,AFF,GER-W,0.16,0.22,2.7,0.82,0.16,2.7,True
arXiv:2604.00940 Table 16,LOYO,pixel,S2+ADM,feature_fusion,AFF,URG-S,0.32,0.16,1.3,0.16,0.32,1.3,True
arXiv:2604.00940 Table 16,LOYO,pixel,S2+ADM,feature_fusion,MMGF,ARG-C,0.3,0.97,3.1,1.13,0.3,3.1,True
arXiv:2604.00940 Table 16,LOYO,pixel,S2+ADM,feature_fusion,MMGF,ARG-S,0.57,1.32,1.0,0.48,0.57,1.0,True
arXiv:2604.00940 Table 16,LOYO,pixel,S2+ADM,feature_fusion,MMGF,ARG-W,0.28,2.97,2.03,0.76,0.28,2.03,True
arXiv:2604.00940 Table 16,LOYO,pixel,S2+ADM,feature_fusion,MMGF,BRA-C,0.23,0.25,2.53,0.67,0.23,2.53,True
arXiv:2604.00940 Table 16,LOYO,pixel,S2+ADM,feature_fusion,MMGF,BRA-S,0.24,0.16,1.05,0.15,0.24,1.05,True
arXiv:2604.00940 Table 16,LOYO,pixel,S2+ADM,feature_fusion,MMGF,BRA-W,0.06,0.16,1.52,0.41,0.06,1.52,True
arXiv:2604.00940 Table 16,LOYO,pixel,S2+ADM,feature_fusion,MMGF,GER-R,0.05,0.28,1.63,0.43,0.05,1.63,True
arXiv:2604.00940 Table 16,LOYO,pixel,S2+ADM,feature_fusion,MMGF,GER-W,0.06,0.3,2.86,0.97,0.06,2.86,True
arXiv:2604.00940 Table 16,LOYO,pixel,S2+ADM,feature_fusion,MMGF,URG-S,0.28,0.12,1.34,0.13,0.28,1.34,True
arXiv:2604.00940 Table 16,LOYO,pixel,S2+ADM,input_fusion,3D-ConvLSTM,ARG-C,-0.02,0.47,3.75,0.79,-0.02,3.75,True
arXiv:2604.00940 Table 16,LOYO,pixel,S2+ADM,input_fusion,3D-ConvLSTM,ARG-S,0.56,0.16,1.01,0.13,0.56,1.01,True
arXiv:2604.00940 Table 16,LOYO,pixel,S2+ADM,input_fusion,3D-ConvLSTM,ARG-W,0.64,0.75,1.43,0.36,0.64,1.43,True
arXiv:2604.00940 Table 16,LOYO,pixel,S2+ADM,input_fusion,3D-ConvLSTM,BRA-C,0.27,0.15,2.47,0.81,0.27,2.47,True
arXiv:2604.00940 Table 16,LOYO,pixel,S2+ADM,input_fusion,3D-ConvLSTM,BRA-S,0.19,0.19,1.08,0.16,0.19,1.08,True
arXiv:2604.00940 Table 16,LOYO,pixel,S2+ADM,input_fusion,3D-ConvLSTM,BRA-W,0.04,0.2,1.54,0.52,0.04,1.54,True
arXiv:2604.00940 Table 16,LOYO,pixel,S2+ADM,input_fusion,3D-ConvLSTM,GER-R,0.22,0.17,1.47,0.36,0.22,1.47,True
arXiv:2604.00940 Table 16,LOYO,pixel,S2+ADM,input_fusion,3D-ConvLSTM,GER-W,0.22,0.17,2.6,0.63,0.22,2.6,True
arXiv:2604.00940 Table 16,LOYO,pixel,S2+ADM,input_fusion,3D-ConvLSTM,URG-S,0.31,0.11,1.31,0.16,0.31,1.31,True
arXiv:2604.00940 Table 16,LOYO,pixel,S2+ADM,input_fusion,3D-LSTM,ARG-C,0.25,0.4,3.23,0.68,0.25,3.23,True
arXiv:2604.00940 Table 16,LOYO,pixel,S2+ADM,input_fusion,3D-LSTM,ARG-S,0.53,0.14,1.05,0.14,0.53,1.05,True
arXiv:2604.00940 Table 16,LOYO,pixel,S2+ADM,input_fusion,3D-LSTM,ARG-W,0.68,0.47,1.34,0.34,0.68,1.34,True
arXiv:2604.00940 Table 16,LOYO,pixel,S2+ADM,input_fusion,3D-LSTM,BRA-C,0.22,0.11,2.55,0.82,0.22,2.55,True
arXiv:2604.00940 Table 16,LOYO,pixel,S2+ADM,input_fusion,3D-LSTM,BRA-S,0.22,0.17,1.06,0.19,0.22,1.06,True
arXiv:2604.00940 Table 16,LOYO,pixel,S2+ADM,input_fusion,3D-LSTM,BRA-W,0.06,0.21,1.52,0.51,0.06,1.52,True
arXiv:2604.00940 Table 16,LOYO,pixel,S2+ADM,input_fusion,3D-LSTM,GER-R,0.13,0.4,1.56,0.51,0.13,1.56,True
arXiv:2604.00940 Table 16,LOYO,pixel,S2+ADM,input_fusion,3D-LSTM,GER-W,0.15,0.28,2.72,0.79,0.15,2.72,True
arXiv:2604.00940 Table 16,LOYO,pixel,S2+ADM,input_fusion,3D-LSTM,URG-S,0.3,0.13,1.32,0.17,0.3,1.32,True
arXiv:2604.00940 Table 16,LOYO,pixel,S2+ADM,input_fusion,LSTM,ARG-C,0.44,0.26,2.78,0.24,0.44,2.78,True
arXiv:2604.00940 Table 16,LOYO,pixel,S2+ADM,input_fusion,LSTM,ARG-S,0.49,0.19,1.09,0.15,0.49,1.09,True
arXiv:2604.00940 Table 16,LOYO,pixel,S2+ADM,input_fusion,LSTM,ARG-W,0.61,0.67,1.49,0.37,0.61,1.49,True
arXiv:2604.00940 Table 16,LOYO,pixel,S2+ADM,input_fusion,LSTM,BRA-C,0.19,0.33,2.6,0.67,0.19,2.6,True
arXiv:2604.00940 Table 16,LOYO,pixel,S2+ADM,input_fusion,LSTM,BRA-S,0.17,0.28,1.09,0.17,0.17,1.09,True
arXiv:2604.00940 Table 16,LOYO,pixel,S2+ADM,input_fusion,LSTM,BRA-W,0.09,0.17,1.5,0.43,0.09,1.5,True
arXiv:2604.00940 Table 16,LOYO,pixel,S2+ADM,input_fusion,LSTM,GER-R,0.31,0.1,1.38,0.27,0.31,1.38,True
arXiv:2604.00940 Table 16,LOYO,pixel,S2+ADM,input_fusion,LSTM,GER-W,0.18,0.18,2.67,0.65,0.18,2.67,True
arXiv:2604.00940 Table 16,LOYO,pixel,S2+ADM,input_fusion,LSTM,URG-S,0.3,0.1,1.32,0.13,0.3,1.32,True
arXiv:2604.00940 Table 16,LOYO,pixel,S2+ADM,input_fusion,Transformer,ARG-C,0.24,0.44,3.24,0.71,0.24,3.24,True
arXiv:2604.00940 Table 16,LOYO,pixel,S2+ADM,input_fusion,Transformer,ARG-S,0.49,0.15,1.09,0.13,0.49,1.09,True
arXiv:2604.00940 Table 16,LOYO,pixel,S2+ADM,input_fusion,Transformer,ARG-W,0.6,0.58,1.51,0.29,0.6,1.51,True
arXiv:2604.00940 Table 16,LOYO,pixel,S2+ADM,input_fusion,Transformer,BRA-C,0.22,0.23,2.54,0.8,0.22,2.54,True
arXiv:2604.00940 Table 16,LOYO,pixel,S2+ADM,input_fusion,Transformer,BRA-S,0.08,0.29,1.15,0.17,0.08,1.15,True
arXiv:2604.00940 Table 16,LOYO,pixel,S2+ADM,input_fusion,Transformer,BRA-W,0.11,0.18,1.48,0.41,0.11,1.48,True
arXiv:2604.00940 Table 16,LOYO,pixel,S2+ADM,input_fusion,Transformer,GER-R,0.25,0.19,1.45,0.29,0.25,1.45,True
arXiv:2604.00940 Table 16,LOYO,pixel,S2+ADM,input_fusion,Transformer,GER-W,0.06,0.48,2.86,0.53,0.06,2.86,True
arXiv:2604.00940 Table 16,LOYO,pixel,S2+ADM,input_fusion,Transformer,URG-S,0.3,0.12,1.32,0.14,0.3,1.32,True
arXiv:2604.00940 Table 17,LORO,field,S2,none,3D-ConvLSTM,ARG-C,0.68,1.89,1.59,0.48,0.68,1.59,True
arXiv:2604.00940 Table 17,LORO,field,S2,none,3D-ConvLSTM,ARG-S,0.69,0.12,0.67,0.12,0.69,0.67,True
arXiv:2604.00940 Table 17,LORO,field,S2,none,3D-ConvLSTM,ARG-W,0.8,0.21,0.95,0.24,0.8,0.95,True
arXiv:2604.00940 Table 17,LORO,field,S2,none,3D-ConvLSTM,BRA-C,0.55,0.74,1.19,0.36,0.55,1.19,True
arXiv:2604.00940 Table 17,LORO,field,S2,none,3D-ConvLSTM,BRA-S,0.37,1.63,0.55,0.18,0.37,0.55,True
arXiv:2604.00940 Table 17,LORO,field,S2,none,3D-ConvLSTM,BRA-W,0.47,0.3,0.58,0.24,0.47,0.58,True
arXiv:2604.00940 Table 17,LORO,field,S2,none,3D-ConvLSTM,GER-R,0.25,0.53,1.16,0.31,0.25,1.16,True
arXiv:2604.00940 Table 17,LORO,field,S2,none,3D-ConvLSTM,GER-W,0.14,1.05,1.76,0.75,0.14,1.76,True
arXiv:2604.00940 Table 17,LORO,field,S2,none,3D-ConvLSTM,URG-S,0.68,0.52,0.61,0.3,0.68,0.61,True
arXiv:2604.00940 Table 17,LORO,field,S2,none,3D-LSTM,ARG-C,0.49,2.6,2.0,0.73,0.49,2.0,True
arXiv:2604.00940 Table 17,LORO,field,S2,none,3D-LSTM,ARG-S,0.7,0.13,0.67,0.14,0.7,0.67,True
arXiv:2604.00940 Table 17,LORO,field,S2,none,3D-LSTM,ARG-W,0.81,0.21,0.92,0.16,0.81,0.92,True
arXiv:2604.00940 Table 17,LORO,field,S2,none,3D-LSTM,BRA-C,0.59,1.15,1.13,0.49,0.59,1.13,True
arXiv:2604.00940 Table 17,LORO,field,S2,none,3D-LSTM,BRA-S,0.41,1.89,0.53,0.15,0.41,0.53,True
arXiv:2604.00940 Table 17,LORO,field,S2,none,3D-LSTM,BRA-W,0.48,0.27,0.57,0.23,0.48,0.57,True
arXiv:2604.00940 Table 17,LORO,field,S2,none,3D-LSTM,GER-R,0.26,0.3,1.16,0.36,0.26,1.16,True
arXiv:2604.00940 Table 17,LORO,field,S2,none,3D-LSTM,GER-W,-0.08,1.35,1.98,1.09,-0.08,1.98,True
arXiv:2604.00940 Table 17,LORO,field,S2,none,3D-LSTM,URG-S,0.65,0.9,0.63,0.26,0.65,0.63,True
arXiv:2604.00940 Table 17,LORO,field,S2,none,LSTM,ARG-C,0.47,1.36,2.05,0.75,0.47,2.05,True
arXiv:2604.00940 Table 17,LORO,field,S2,none,LSTM,ARG-S,0.64,0.15,0.72,0.15,0.64,0.72,True
arXiv:2604.00940 Table 17,LORO,field,S2,none,LSTM,ARG-W,0.7,0.38,1.18,0.26,0.7,1.18,True
arXiv:2604.00940 Table 17,LORO,field,S2,none,LSTM,BRA-C,0.39,1.8,1.39,0.37,0.39,1.39,True
arXiv:2604.00940 Table 17,LORO,field,S2,none,LSTM,BRA-S,0.28,2.07,0.59,0.21,0.28,0.59,True
arXiv:2604.00940 Table 17,LORO,field,S2,none,LSTM,BRA-W,0.27,0.19,0.68,0.23,0.27,0.68,True
arXiv:2604.00940 Table 17,LORO,field,S2,none,LSTM,GER-R,-0.16,0.65,1.45,0.49,-0.16,1.45,True
arXiv:2604.00940 Table 17,LORO,field,S2,none,LSTM,GER-W,-2.71,3.03,3.66,1.26,-2.71,3.66,True
arXiv:2604.00940 Table 17,LORO,field,S2,none,LSTM,URG-S,0.63,0.43,0.65,0.31,0.63,0.65,True
arXiv:2604.00940 Table 17,LORO,field,S2,none,Transformer,ARG-C,0.55,2.12,1.88,0.46,0.55,1.88,True
arXiv:2604.00940 Table 17,LORO,field,S2,none,Transformer,ARG-S,0.59,0.17,0.77,0.14,0.59,0.77,True
arXiv:2604.00940 Table 17,LORO,field,S2,none,Transformer,ARG-W,0.71,0.46,1.16,0.33,0.71,1.16,True
arXiv:2604.00940 Table 17,LORO,field,S2,none,Transformer,BRA-C,0.35,0.29,1.43,0.59,0.35,1.43,True
arXiv:2604.00940 Table 17,LORO,field,S2,none,Transformer,BRA-S,0.33,1.85,0.57,0.17,0.33,0.57,True
arXiv:2604.00940 Table 17,LORO,field,S2,none,Transformer,BRA-W,0.37,0.28,0.63,0.25,0.37,0.63,True
arXiv:2604.00940 Table 17,LORO,field,S2,none,Transformer,GER-R,0.17,0.84,1.22,0.39,0.17,1.22,True
arXiv:2604.00940 Table 17,LORO,field,S2,none,Transformer,GER-W,0.01,1.89,1.89,0.69,0.01,1.89,True
arXiv:2604.00940 Table 17,LORO,field,S2,none,Transformer,URG-S,0.63,1.11,0.65,0.21,0.63,0.65,True
arXiv:2604.00940 Table 17,LORO,field,S2+ADM,feature_fusion,AFF,ARG-C,0.53,0.52,1.92,0.74,0.53,1.92,True
arXiv:2604.00940 Table 17,LORO,field,S2+ADM,feature_fusion,AFF,ARG-S,0.78,0.07,0.57,0.1,0.78,0.57,True
arXiv:2604.00940 Table 17,LORO,field,S2+ADM,feature_fusion,AFF,ARG-W,0.87,0.08,0.78,0.13,0.87,0.78,True
arXiv:2604.00940 Table 17,LORO,field,S2+ADM,feature_fusion,AFF,BRA-C,0.55,0.48,1.19,0.52,0.55,1.19,True
arXiv:2604.00940 Table 17,LORO,field,S2+ADM,feature_fusion,AFF,BRA-S,0.63,1.71,0.42,0.18,0.63,0.42,True
arXiv:2604.00940 Table 17,LORO,field,S2+ADM,feature_fusion,AFF,BRA-W,0.52,0.15,0.55,0.2,0.52,0.55,True
arXiv:2604.00940 Table 17,LORO,field,S2+ADM,feature_fusion,AFF,GER-R,0.07,0.61,1.29,0.45,0.07,1.29,True
arXiv:2604.00940 Table 17,LORO,field,S2+ADM,feature_fusion,AFF,GER-W,-1.85,1.79,3.21,1.51,-1.85,3.21,True
arXiv:2604.00940 Table 17,LORO,field,S2+ADM,feature_fusion,AFF,URG-S,0.6,1.44,0.68,0.28,0.6,0.68,True
arXiv:2604.00940 Table 17,LORO,field,S2+ADM,feature_fusion,MMGF,ARG-C,0.59,0.66,1.8,0.54,0.59,1.8,True
arXiv:2604.00940 Table 17,LORO,field,S2+ADM,feature_fusion,MMGF,ARG-S,0.65,0.17,0.71,0.15,0.65,0.71,True
arXiv:2604.00940 Table 17,LORO,field,S2+ADM,feature_fusion,MMGF,ARG-W,0.78,0.12,1.0,0.18,0.78,1.0,True
arXiv:2604.00940 Table 17,LORO,field,S2+ADM,feature_fusion,MMGF,BRA-C,0.1,0.51,1.68,0.66,0.1,1.68,True
arXiv:2604.00940 Table 17,LORO,field,S2+ADM,feature_fusion,MMGF,BRA-S,0.3,1.82,0.58,0.15,0.3,0.58,True
arXiv:2604.00940 Table 17,LORO,field,S2+ADM,feature_fusion,MMGF,BRA-W,0.23,0.82,0.7,0.23,0.23,0.7,True
arXiv:2604.00940 Table 17,LORO,field,S2+ADM,feature_fusion,MMGF,GER-R,-0.56,0.9,1.68,0.69,-0.56,1.68,True
arXiv:2604.00940 Table 17,LORO,field,S2+ADM,feature_fusion,MMGF,GER-W,-0.95,1.02,2.65,1.2,-0.95,2.65,True
arXiv:2604.00940 Table 17,LORO,field,S2+ADM,feature_fusion,MMGF,URG-S,0.54,4.59,0.73,0.3,0.54,0.73,True
arXiv:2604.00940 Table 17,LORO,field,S2+ADM,input_fusion,3D-ConvLSTM,ARG-C,0.68,1.89,1.59,0.48,0.33,2.3,False
arXiv:2604.00940 Table 17,LORO,field,S2+ADM,input_fusion,3D-ConvLSTM,ARG-S,0.69,0.12,0.67,0.12,0.73,0.63,False
arXiv:2604.00940 Table 17,LORO,field,S2+ADM,input_fusion,3D-ConvLSTM,ARG-W,0.8,0.21,0.95,0.24,0.81,0.93,False
arXiv:2604.00940 Table 17,LORO,field,S2+ADM,input_fusion,3D-ConvLSTM,BRA-C,0.55,0.74,1.19,0.36,0.62,1.09,False
arXiv:2604.00940 Table 17,LORO,field,S2+ADM,input_fusion,3D-ConvLSTM,BRA-S,0.37,1.63,0.55,0.18,0.51,0.48,False
arXiv:2604.00940 Table 17,LORO,field,S2+ADM,input_fusion,3D-ConvLSTM,BRA-W,0.47,0.3,0.58,0.24,0.49,0.57,False
arXiv:2604.00940 Table 17,LORO,field,S2+ADM,input_fusion,3D-ConvLSTM,GER-R,0.25,0.53,1.16,0.31,0.23,1.18,False
arXiv:2604.00940 Table 17,LORO,field,S2+ADM,input_fusion,3D-ConvLSTM,GER-W,0.14,1.05,1.76,0.75,0.12,1.78,False
arXiv:2604.00940 Table 17,LORO,field,S2+ADM,input_fusion,3D-ConvLSTM,URG-S,0.68,0.52,0.61,0.3,0.6,0.67,False
arXiv:2604.00940 Table 17,LORO,field,S2+ADM,input_fusion,3D-LSTM,ARG-C,0.23,2.02,2.46,0.99,0.23,2.46,True
arXiv:2604.00940 Table 17,LORO,field,S2+ADM,input_fusion,3D-LSTM,ARG-S,0.66,0.11,0.7,0.05,0.66,0.7,True
arXiv:2604.00940 Table 17,LORO,field,S2+ADM,input_fusion,3D-LSTM,ARG-W,0.74,0.14,1.09,0.19,0.74,1.09,True
arXiv:2604.00940 Table 17,LORO,field,S2+ADM,input_fusion,3D-LSTM,BRA-C,0.65,0.41,1.05,0.37,0.65,1.05,True
arXiv:2604.00940 Table 17,LORO,field,S2+ADM,input_fusion,3D-LSTM,BRA-S,0.47,0.72,0.5,0.16,0.47,0.5,True
arXiv:2604.00940 Table 17,LORO,field,S2+ADM,input_fusion,3D-LSTM,BRA-W,0.48,0.32,0.58,0.21,0.48,0.58,True
arXiv:2604.00940 Table 17,LORO,field,S2+ADM,input_fusion,3D-LSTM,GER-R,0.03,0.33,1.32,0.44,0.03,1.32,True
arXiv:2604.00940 Table 17,LORO,field,S2+ADM,input_fusion,3D-LSTM,GER-W,-0.16,0.81,2.05,0.83,-0.16,2.05,True
arXiv:2604.00940 Table 17,LORO,field,S2+ADM,input_fusion,3D-LSTM,URG-S,0.62,1.91,0.66,0.22,0.62,0.66,True
arXiv:2604.00940 Table 17,LORO,field,S2+ADM,input_fusion,LSTM,ARG-C,0.43,1.68,2.12,0.84,0.43,2.12,True
arXiv:2604.00940 Table 17,LORO,field,S2+ADM,input_fusion,LSTM,ARG-S,0.66,0.09,0.71,0.1,0.66,0.71,True
arXiv:2604.00940 Table 17,LORO,field,S2+ADM,input_fusion,LSTM,ARG-W,0.61,0.5,1.34,0.31,0.61,1.34,True
arXiv:2604.00940 Table 17,LORO,field,S2+ADM,input_fusion,LSTM,BRA-C,0.38,0.59,1.39,0.56,0.38,1.39,True
arXiv:2604.00940 Table 17,LORO,field,S2+ADM,input_fusion,LSTM,BRA-S,0.29,1.75,0.58,0.2,0.29,0.58,True
arXiv:2604.00940 Table 17,LORO,field,S2+ADM,input_fusion,LSTM,BRA-W,0.26,0.39,0.69,0.28,0.26,0.69,True
arXiv:2604.00940 Table 17,LORO,field,S2+ADM,input_fusion,LSTM,GER-R,0.2,0.58,1.2,0.5,0.2,1.2,True
arXiv:2604.00940 Table 17,LORO,field,S2+ADM,input_fusion,LSTM,GER-W,-1.39,1.92,2.94,1.19,-1.39,2.94,True
arXiv:2604.00940 Table 17,LORO,field,S2+ADM,input_fusion,LSTM,URG-S,0.56,0.52,0.71,0.3,0.56,0.71,True
arXiv:2604.00940 Table 17,LORO,field,S2+ADM,input_fusion,Transformer,ARG-C,0.44,1.6,2.1,0.49,0.44,2.1,True
arXiv:2604.00940 Table 17,LORO,field,S2+ADM,input_fusion,Transformer,ARG-S,0.67,0.09,0.7,0.1,0.67,0.7,True
arXiv:2604.00940 Table 17,LORO,field,S2+ADM,input_fusion,Transformer,ARG-W,0.63,0.32,1.3,0.31,0.63,1.3,True
arXiv:2604.00940 Table 17,LORO,field,S2+ADM,input_fusion,Transformer,BRA-C,0.52,0.78,1.22,0.38,0.52,1.22,True
arXiv:2604.00940 Table 17,LORO,field,S2+ADM,input_fusion,Transformer,BRA-S,0.2,1.47,0.62,0.16,0.2,0.62,True
arXiv:2604.00940 Table 17,LORO,field,S2+ADM,input_fusion,Transformer,BRA-W,0.36,0.29,0.64,0.27,0.36,0.64,True
arXiv:2604.00940 Table 17,LORO,field,S2+ADM,input_fusion,Transformer,GER-R,0.18,0.49,1.22,0.43,0.18,1.22,True
arXiv:2604.00940 Table 17,LORO,field,S2+ADM,input_fusion,Transformer,GER-W,-0.34,0.76,2.2,0.69,-0.34,2.2,True
arXiv:2604.00940 Table 17,LORO,field,S2+ADM,input_fusion,Transformer,URG-S,0.59,0.29,0.68,0.28,0.59,0.68,True
arXiv:2604.00940 Table 18,LORO,pixel,S2,none,3D-ConvLSTM,ARG-C,0.54,0.38,2.52,0.33,0.54,2.52,True
arXiv:2604.00940 Table 18,LORO,pixel,S2,none,3D-ConvLSTM,ARG-S,0.57,0.11,1.01,0.1,0.57,1.01,True
arXiv:2604.00940 Table 18,LORO,pixel,S2,none,3D-ConvLSTM,ARG-W,0.69,0.24,1.33,0.23,0.69,1.33,True
arXiv:2604.00940 Table 18,LORO,pixel,S2,none,3D-ConvLSTM,BRA-C,0.33,0.14,2.35,0.37,0.33,2.35,True
arXiv:2604.00940 Table 18,LORO,pixel,S2,none,3D-ConvLSTM,BRA-S,0.19,0.22,1.08,0.33,0.19,1.08,True
arXiv:2604.00940 Table 18,LORO,pixel,S2,none,3D-ConvLSTM,BRA-W,0.16,0.07,1.44,0.31,0.16,1.44,True
arXiv:2604.00940 Table 18,LORO,pixel,S2,none,3D-ConvLSTM,GER-R,0.12,0.29,1.57,0.3,0.12,1.57,True
arXiv:2604.00940 Table 18,LORO,pixel,S2,none,3D-ConvLSTM,GER-W,0.07,0.43,2.84,0.69,0.07,2.84,True
arXiv:2604.00940 Table 18,LORO,pixel,S2,none,3D-ConvLSTM,URG-S,0.36,0.19,1.26,0.29,0.36,1.26,True
arXiv:2604.00940 Table 18,LORO,pixel,S2,none,3D-LSTM,ARG-C,0.39,0.5,2.91,0.56,0.39,2.91,True
arXiv:2604.00940 Table 18,LORO,pixel,S2,none,3D-LSTM,ARG-S,0.59,0.1,0.98,0.1,0.59,0.98,True
arXiv:2604.00940 Table 18,LORO,pixel,S2,none,3D-LSTM,ARG-W,0.71,0.24,1.3,0.18,0.71,1.3,True
arXiv:2604.00940 Table 18,LORO,pixel,S2,none,3D-LSTM,BRA-C,0.34,0.2,2.33,0.53,0.34,2.33,True
arXiv:2604.00940 Table 18,LORO,pixel,S2,none,3D-LSTM,BRA-S,0.22,0.16,1.06,0.34,0.22,1.06,True
arXiv:2604.00940 Table 18,LORO,pixel,S2,none,3D-LSTM,BRA-W,0.2,0.07,1.41,0.3,0.2,1.41,True
arXiv:2604.00940 Table 18,LORO,pixel,S2,none,3D-LSTM,GER-R,0.17,0.2,1.52,0.45,0.17,1.52,True
arXiv:2604.00940 Table 18,LORO,pixel,S2,none,3D-LSTM,GER-W,0.02,0.43,2.92,0.94,0.02,2.92,True
arXiv:2604.00940 Table 18,LORO,pixel,S2,none,3D-LSTM,URG-S,0.36,0.21,1.26,0.28,0.36,1.26,True
arXiv:2604.00940 Table 18,LORO,pixel,S2,none,LSTM,ARG-C,0.44,0.28,2.79,0.35,0.44,2.79,True
arXiv:2604.00940 Table 18,LORO,pixel,S2,none,LSTM,ARG-S,0.55,0.1,1.03,0.09,0.55,1.03,True
arXiv:2604.00940 Table 18,LORO,pixel,S2,none,LSTM,ARG-W,0.61,0.32,1.48,0.24,0.61,1.48,True
arXiv:2604.00940 Table 18,LORO,pixel,S2,none,LSTM,BRA-C,0.27,0.06,2.46,0.44,0.27,2.46,True
arXiv:2604.00940 Table 18,LORO,pixel,S2,none,LSTM,BRA-S,0.16,0.21,1.1,0.35,0.16,1.1,True
arXiv:2604.00940 Table 18,LORO,pixel,S2,none,LSTM,BRA-W,0.11,0.09,1.48,0.34,0.11,1.48,True
arXiv:2604.00940 Table 18,LORO,pixel,S2,none,LSTM,GER-R,-0.05,0.33,1.71,0.54,-0.05,1.71,True
arXiv:2604.00940 Table 18,LORO,pixel,S2,none,LSTM,GER-W,-0.78,1.18,3.93,1.16,-0.78,3.93,True
arXiv:2604.00940 Table 18,LORO,pixel,S2,none,LSTM,URG-S,0.34,0.17,1.28,0.3,0.34,1.28,True
arXiv:2604.00940 Table 18,LORO,pixel,S2,none,Transformer,ARG-C,0.43,0.4,2.8,0.4,0.43,2.8,True
arXiv:2604.00940 Table 18,LORO,pixel,S2,none,Transformer,ARG-S,0.52,0.1,1.05,0.09,0.52,1.05,True
arXiv:2604.00940 Table 18,LORO,pixel,S2,none,Transformer,ARG-W,0.61,0.37,1.49,0.3,0.61,1.49,True
arXiv:2604.00940 Table 18,LORO,pixel,S2,none,Transformer,BRA-C,0.27,0.12,2.47,0.5,0.27,2.47,True
arXiv:2604.00940 Table 18,LORO,pixel,S2,none,Transformer,BRA-S,0.21,0.18,1.07,0.32,0.21,1.07,True
arXiv:2604.00940 Table 18,LORO,pixel,S2,none,Transformer,BRA-W,0.11,0.1,1.48,0.32,0.11,1.48,True
arXiv:2604.00940 Table 18,LORO,pixel,S2,none,Transformer,GER-R,0.09,0.49,1.59,0.31,0.09,1.59,True
arXiv:2604.00940 Table 18,LORO,pixel,S2,none,Transformer,GER-W,0.1,0.68,2.79,0.61,0.1,2.79,True
arXiv:2604.00940 Table 18,LORO,pixel,S2,none,Transformer,URG-S,0.31,0.27,1.31,0.26,0.31,1.31,True
arXiv:2604.00940 Table 18,LORO,pixel,S2+ADM,feature_fusion,AFF,ARG-C,0.49,0.23,2.64,0.57,0.49,2.64,True
arXiv:2604.00940 Table 18,LORO,pixel,S2+ADM,feature_fusion,AFF,ARG-S,0.65,0.07,0.9,0.1,0.65,0.9,True
arXiv:2604.00940 Table 18,LORO,pixel,S2+ADM,feature_fusion,AFF,ARG-W,0.78,0.12,1.12,0.17,0.78,1.12,True
arXiv:2604.00940 Table 18,LORO,pixel,S2+ADM,feature_fusion,AFF,BRA-C,0.34,0.15,2.35,0.53,0.34,2.35,True
arXiv:2604.00940 Table 18,LORO,pixel,S2+ADM,feature_fusion,AFF,BRA-S,0.35,0.15,0.97,0.34,0.35,0.97,True
arXiv:2604.00940 Table 18,LORO,pixel,S2+ADM,feature_fusion,AFF,BRA-W,0.18,0.05,1.42,0.3,0.18,1.42,True
arXiv:2604.00940 Table 18,LORO,pixel,S2+ADM,feature_fusion,AFF,GER-R,0.15,0.28,1.55,0.51,0.15,1.55,True
arXiv:2604.00940 Table 18,LORO,pixel,S2+ADM,feature_fusion,AFF,GER-W,-0.58,0.68,3.7,1.25,-0.58,3.7,True
arXiv:2604.00940 Table 18,LORO,pixel,S2+ADM,feature_fusion,AFF,URG-S,0.34,0.23,1.28,0.28,0.34,1.28,True
arXiv:2604.00940 Table 18,LORO,pixel,S2+ADM,feature_fusion,MMGF,ARG-C,0.5,0.22,2.63,0.46,0.5,2.63,True
arXiv:2604.00940 Table 18,LORO,pixel,S2+ADM,feature_fusion,MMGF,ARG-S,0.54,0.15,1.04,0.19,0.54,1.04,True
arXiv:2604.00940 Table 18,LORO,pixel,S2+ADM,feature_fusion,MMGF,ARG-W,0.68,0.14,1.35,0.21,0.68,1.35,True
arXiv:2604.00940 Table 18,LORO,pixel,S2+ADM,feature_fusion,MMGF,BRA-C,0.13,0.2,2.69,0.68,0.13,2.69,True
arXiv:2604.00940 Table 18,LORO,pixel,S2+ADM,feature_fusion,MMGF,BRA-S,0.2,0.17,1.07,0.34,0.2,1.07,True
arXiv:2604.00940 Table 18,LORO,pixel,S2+ADM,feature_fusion,MMGF,BRA-W,0.07,0.15,1.51,0.33,0.07,1.51,True
arXiv:2604.00940 Table 18,LORO,pixel,S2+ADM,feature_fusion,MMGF,GER-R,-0.13,0.51,1.77,0.6,-0.13,1.77,True
arXiv:2604.00940 Table 18,LORO,pixel,S2+ADM,feature_fusion,MMGF,GER-W,-0.34,0.46,3.41,1.13,-0.34,3.41,True
arXiv:2604.00940 Table 18,LORO,pixel,S2+ADM,feature_fusion,MMGF,URG-S,0.31,0.44,1.31,0.29,0.31,1.31,True
arXiv:2604.00940 Table 18,LORO,pixel,S2+ADM,input_fusion,3D-ConvLSTM,ARG-C,0.54,0.38,2.52,0.33,0.21,3.31,False
arXiv:2604.00940 Table 18,LORO,pixel,S2+ADM,input_fusion,3D-ConvLSTM,ARG-S,0.57,0.11,1.01,0.1,0.6,0.97,False
arXiv:2604.00940 Table 18,LORO,pixel,S2+ADM,input_fusion,3D-ConvLSTM,ARG-W,0.69,0.24,1.33,0.23,0.7,1.32,False
arXiv:2604.00940 Table 18,LORO,pixel,S2+ADM,input_fusion,3D-ConvLSTM,BRA-C,0.33,0.14,2.35,0.37,0.34,2.34,False
arXiv:2604.00940 Table 18,LORO,pixel,S2+ADM,input_fusion,3D-ConvLSTM,BRA-S,0.19,0.22,1.08,0.33,0.26,1.04,False
arXiv:2604.00940 Table 18,LORO,pixel,S2+ADM,input_fusion,3D-ConvLSTM,BRA-W,0.16,0.07,1.44,0.31,0.17,1.43,False
arXiv:2604.00940 Table 18,LORO,pixel,S2+ADM,input_fusion,3D-ConvLSTM,GER-R,0.12,0.29,1.57,0.3,0.07,1.61,False
arXiv:2604.00940 Table 18,LORO,pixel,S2+ADM,input_fusion,3D-ConvLSTM,GER-W,0.07,0.43,2.84,0.69,0.1,2.79,False
arXiv:2604.00940 Table 18,LORO,pixel,S2+ADM,input_fusion,3D-ConvLSTM,URG-S,0.36,0.19,1.26,0.29,0.33,1.29,False
arXiv:2604.00940 Table 18,LORO,pixel,S2+ADM,input_fusion,3D-LSTM,ARG-C,0.39,0.45,2.9,0.53,0.39,2.9,True
arXiv:2604.00940 Table 18,LORO,pixel,S2+ADM,input_fusion,3D-LSTM,ARG-S,0.57,0.11,1.0,0.08,0.57,1.0,True
arXiv:2604.00940 Table 18,LORO,pixel,S2+ADM,input_fusion,3D-LSTM,ARG-W,0.64,0.24,1.44,0.16,0.64,1.44,True
arXiv:2604.00940 Table 18,LORO,pixel,S2+ADM,input_fusion,3D-LSTM,BRA-C,0.37,0.12,2.29,0.44,0.37,2.29,True
arXiv:2604.00940 Table 18,LORO,pixel,S2+ADM,input_fusion,3D-LSTM,BRA-S,0.26,0.16,1.04,0.32,0.26,1.04,True
arXiv:2604.00940 Table 18,LORO,pixel,S2+ADM,input_fusion,3D-LSTM,BRA-W,0.17,0.07,1.43,0.3,0.17,1.43,True
arXiv:2604.00940 Table 18,LORO,pixel,S2+ADM,input_fusion,3D-LSTM,GER-R,0.03,0.32,1.64,0.49,0.03,1.64,True
arXiv:2604.00940 Table 18,LORO,pixel,S2+ADM,input_fusion,3D-LSTM,GER-W,-0.02,0.2,2.97,0.83,-0.02,2.97,True
arXiv:2604.00940 Table 18,LORO,pixel,S2+ADM,input_fusion,3D-LSTM,URG-S,0.34,0.33,1.28,0.26,0.35,1.27,False
arXiv:2604.00940 Table 18,LORO,pixel,S2+ADM,input_fusion,LSTM,ARG-C,0.48,0.35,2.69,0.35,0.48,2.69,True
arXiv:2604.00940 Table 18,LORO,pixel,S2+ADM,input_fusion,LSTM,ARG-S,0.54,0.09,1.03,0.09,0.54,1.03,True
arXiv:2604.00940 Table 18,LORO,pixel,S2+ADM,input_fusion,LSTM,ARG-W,0.53,0.4,1.64,0.31,0.53,1.64,True
arXiv:2604.00940 Table 18,LORO,pixel,S2+ADM,input_fusion,LSTM,BRA-C,0.28,0.11,2.45,0.52,0.28,2.45,True
arXiv:2604.00940 Table 18,LORO,pixel,S2+ADM,input_fusion,LSTM,BRA-S,0.12,0.24,1.13,0.35,0.12,1.13,True
arXiv:2604.00940 Table 18,LORO,pixel,S2+ADM,input_fusion,LSTM,BRA-W,0.11,0.07,1.48,0.32,0.11,1.48,True
arXiv:2604.00940 Table 18,LORO,pixel,S2+ADM,input_fusion,LSTM,GER-R,0.05,0.47,1.63,0.49,0.05,1.63,True
arXiv:2604.00940 Table 18,LORO,pixel,S2+ADM,input_fusion,LSTM,GER-W,-0.36,0.72,3.44,0.95,-0.36,3.44,True
arXiv:2604.00940 Table 18,LORO,pixel,S2+ADM,input_fusion,LSTM,URG-S,0.32,0.19,1.3,0.31,0.32,1.3,True
arXiv:2604.00940 Table 18,LORO,pixel,S2+ADM,input_fusion,Transformer,ARG-C,0.38,0.41,2.93,0.42,0.38,2.93,True
arXiv:2604.00940 Table 18,LORO,pixel,S2+ADM,input_fusion,Transformer,ARG-S,0.53,0.08,1.04,0.1,0.53,1.04,True
arXiv:2604.00940 Table 18,LORO,pixel,S2+ADM,input_fusion,Transformer,ARG-W,0.53,0.31,1.63,0.26,0.53,1.63,True
arXiv:2604.00940 Table 18,LORO,pixel,S2+ADM,input_fusion,Transformer,BRA-C,0.31,0.17,2.39,0.49,0.31,2.39,True
arXiv:2604.00940 Table 18,LORO,pixel,S2+ADM,input_fusion,Transformer,BRA-S,0.15,0.17,1.11,0.3,0.15,1.11,True
arXiv:2604.00940 Table 18,LORO,pixel,S2+ADM,input_fusion,Transformer,BRA-W,0.12,0.1,1.47,0.33,0.12,1.47,True
arXiv:2604.00940 Table 18,LORO,pixel,S2+ADM,input_fusion,Transformer,GER-R,0.13,0.33,1.56,0.43,0.13,1.56,True
arXiv:2604.00940 Table 18,LORO,pixel,S2+ADM,input_fusion,Transformer,GER-W,-0.02,0.23,2.97,0.68,-0.02,2.97,True
arXiv:2604.00940 Table 18,LORO,pixel,S2+ADM,input_fusion,Transformer,URG-S,0.3,0.16,1.31,0.32,0.3,1.31,True
