run,purpose,countries,split,mode,train_fraction,init_sensor_ckpt,cutoff_mode,cutoff_days,streams,soil_uncertainty,aspect_encoding,norm_pooling,no_crop_context,embed_dim,num_latents,depth,num_heads,modality_embed,modality_dropout,epochs,steps_per_epoch,batch_size,lr,weight_decay,warmup_epochs,field_alpha,val_rows_per_field,test_rows_per_field,backend,seed,split_label,train_seasons,val_seasons,test_seasons,best_epoch,final_train_loss,test_cells,pixel_rmse,pixel_r2,pixel_bias,field_balanced_rmse,field_level_rmse,field_level_r2,macro_country_pixel_rmse,macro_country_pixel_r2,samples_per_second,wall_seconds,peak_gpu_gb
pilot_germany_farm,Single-country pilot (Germany),Germany,germany_farm_s0,finetune,1.0,,before_harvest,30,yieldsat_s2 yieldsat_weather yieldsat_dem yieldsat_terrain yieldsat_soil,none,raw,pooled,False,128,8,2,4,32,0.1,15,300,512,0.001,0.05,1.0,0.5,500,,cache,0,farm-held-out,220,43,36,1,0.249,137917,1.806,0.397,1.274,1.712,1.737,0.403,1.806,0.397,12603.9,194.6,0.39
pooled_farm,"Pooled 4-country supervised, farm-held-out",Argentina Brazil Germany Uruguay,pooled_farm_s0,finetune,1.0,,before_harvest,30,yieldsat_s2 yieldsat_weather yieldsat_dem yieldsat_terrain yieldsat_soil,none,raw,pooled,False,128,8,2,4,32,0.1,20,500,512,0.001,0.05,1.0,0.5,500,,cache,0,farm-held-out,1472,276,425,11,0.169,2811333,1.652,0.659,0.053,1.492,1.085,0.794,1.643,0.478,14721.1,412.6,0.38
pooled_block20,"Pooled 4-country supervised, geographic-block-held-out",Argentina Brazil Germany Uruguay,pooled_block20_s0,finetune,1.0,,before_harvest,30,yieldsat_s2 yieldsat_weather yieldsat_dem yieldsat_terrain yieldsat_soil,none,raw,pooled,False,128,8,2,4,32,0.1,20,500,512,0.001,0.05,1.0,0.5,500,,cache,0,geographic-block-held-out (20.0 km),1412,315,446,9,0.181,2913259,1.452,0.662,-0.078,1.328,0.912,0.815,1.515,0.317,17576.4,353.2,0.39
loco_uruguay,"Leave-one-country-out: train AR/BR/DE, test Uruguay",Argentina Brazil Germany Uruguay,loco_uruguay_s0,finetune,1.0,,before_harvest,30,yieldsat_s2 yieldsat_weather yieldsat_dem yieldsat_terrain yieldsat_soil,none,raw,pooled,False,128,8,2,4,32,0.1,20,500,512,0.001,0.05,1.0,0.5,500,,cache,0,leave-one-country-out (Uruguay),1408,193,572,6,0.194,2177206,1.512,0.08,0.737,1.49,1.048,0.04,1.512,0.08,14708.4,411.1,0.38
pretrain_pooled,Yield-free pretraining (masked observation + last-valid forecast),Argentina Brazil Germany Uruguay,pooled_farm_s0,pretrain,1.0,,before_harvest,30,yieldsat_s2 yieldsat_weather yieldsat_dem yieldsat_terrain yieldsat_soil,none,raw,pooled,False,128,8,2,4,32,0.1,20,500,512,0.001,0.05,1.0,0.5,500,,cache,0,farm-held-out,1472,276,425,,0.154,,,,,,,,,,10772.1,477.6,0.58
uruguay_scratch_f0.1,"YS-10 transfer: Uruguay from scratch, 10% labels",Uruguay,pooled_farm_s0,finetune,0.1,,before_harvest,30,yieldsat_s2 yieldsat_weather yieldsat_dem yieldsat_terrain yieldsat_soil,none,raw,pooled,False,128,8,2,4,32,0.1,20,500,512,0.001,0.05,1.0,0.5,500,,cache,0,farm-held-out,42,59,96,6,0.357,436708,1.209,0.306,0.204,1.226,0.733,0.575,1.209,0.306,17790.1,310.6,0.38
uruguay_pretrained_f0.1,"YS-10 transfer: Uruguay from pretrained sensors, 10% labels",Uruguay,pooled_farm_s0,finetune,0.1,pretrain_pooled,before_harvest,30,yieldsat_s2 yieldsat_weather yieldsat_dem yieldsat_terrain yieldsat_soil,none,raw,pooled,False,128,8,2,4,32,0.1,20,500,512,0.001,0.05,1.0,0.5,500,,cache,0,farm-held-out,42,59,96,0,0.32,436708,1.224,0.289,0.117,1.206,0.765,0.537,1.224,0.289,17796.3,310.6,0.38
uruguay_scratch_f1.0,"YS-10 transfer: Uruguay from scratch, 100% labels",Uruguay,pooled_farm_s0,finetune,1.0,,before_harvest,30,yieldsat_s2 yieldsat_weather yieldsat_dem yieldsat_terrain yieldsat_soil,none,raw,pooled,False,128,8,2,4,32,0.1,20,500,512,0.001,0.05,1.0,0.5,500,,cache,0,farm-held-out,417,59,96,0,0.452,436708,1.195,0.321,0.358,1.208,0.705,0.606,1.195,0.321,17564.3,312.5,0.38
uruguay_pretrained_f1.0,"YS-10 transfer: Uruguay from pretrained sensors, 100% labels",Uruguay,pooled_farm_s0,finetune,1.0,pretrain_pooled,before_harvest,30,yieldsat_s2 yieldsat_weather yieldsat_dem yieldsat_terrain yieldsat_soil,none,raw,pooled,False,128,8,2,4,32,0.1,20,500,512,0.001,0.05,1.0,0.5,500,,cache,0,farm-held-out,417,59,96,5,0.438,436708,1.237,0.273,0.344,1.218,0.713,0.597,1.237,0.273,17570.4,312.5,0.38
