level,group,test_cells,test_seasons,pixel_rmse,pixel_mae,pixel_r2,pixel_pearson_r2,pixel_bias,field_balanced_rmse,field_level_rmse,field_level_r2
overall,all,2811333,425,1.652,1.149,0.659,0.659,0.053,1.492,1.085,0.794
country,Argentina,1066367,99,1.592,1.103,0.76,0.762,-0.108,1.508,1.414,0.815
country,Brazil,1183156,190,1.804,1.257,0.445,0.447,0.086,1.573,0.983,0.677
country,Germany,125102,40,1.978,1.547,0.386,0.522,0.717,1.86,1.397,0.609
country,Uruguay,436708,96,1.196,0.855,0.32,0.337,0.164,1.162,0.648,0.668
crop,corn,504632,75,2.597,2.006,0.566,0.588,-0.319,2.404,1.601,0.698
crop,rapeseed,99281,30,1.69,1.331,0.084,0.173,0.476,1.573,0.966,0.235
crop,soybean,1712015,242,1.078,0.798,0.547,0.547,-0.039,1.061,0.602,0.781
crop,wheat,495405,78,2.007,1.454,0.074,0.314,0.665,1.922,1.569,0.261
country_crop,Argentina/corn,170241,21,2.627,2.188,0.647,0.719,-1.027,2.654,1.807,0.725
country_crop,Argentina/soybean,713339,55,0.995,0.761,0.563,0.575,-0.147,0.939,0.708,0.723
country_crop,Argentina/wheat,182787,23,2.122,1.426,-0.136,0.361,0.901,1.823,2.105,-0.425
country_crop,Brazil/corn,334391,54,2.581,1.914,0.331,0.332,0.042,2.307,1.514,0.473
country_crop,Brazil/soybean,561968,91,1.082,0.8,0.197,0.21,-0.061,1.029,0.467,0.375
country_crop,Brazil/wheat,286797,45,1.835,1.388,-0.056,0.053,0.426,1.794,0.942,-0.151
country_crop,Germany/rapeseed,99281,30,1.69,1.331,0.084,0.173,0.476,1.573,0.966,0.235
country_crop,Germany/wheat,25821,10,2.825,2.381,-0.33,0.206,1.644,2.721,2.238,-0.437
country_crop,Uruguay/soybean,436708,96,1.196,0.855,0.32,0.337,0.164,1.162,0.648,0.668
